source,title,description,content,text,url,publishedAt,date,sentiment_label,confidence,sentiment_score
Fortune,Your grandparents are the reason the U.S. isn’t in a recession right now. That won’t last forever,Moody's Mark Zandi and Macquarie's David Doyle on the influence Boomers are wielding in the US economy right now—and how they're preventing a recession.,"The U.S. economy has a love-hate relationship with its ageing population. In the long term, an older population is a headache: It means a shrinking labor pool leading to slower growth, and increased …","Your grandparents are the reason the U.S. isn’t in a recession right now. That won’t last forever Moody's Mark Zandi and Macquarie's David Doyle on the influence Boomers are wielding in the US economy right now—and how they're preventing a recession. The U.S. economy has a love-hate relationship with its ageing population. In the long term, an older population is a headache: It means a shrinking labor pool leading to slower growth, and increased …",https://fortune.com/2026/03/01/boomer-consumption-investing-labor-jobs-creation-recession/,2026-03-01 10:00:00+00:00,2026-03-01,Neutral,0.0,0
Forbes,Warning: AI Is Coming For Your 401(k),Stocks have low earnings yields and TIPS have good yields. Move money from stocks into bonds.,"Artificial intelligence:boom, bubble or bust? Probably a mix of all three. Whatever comes of it, it increases investment risk. It suggests that a lot of retirees and near-retirees need to rethink the…","Warning: AI Is Coming For Your 401(k) Stocks have low earnings yields and TIPS have good yields. Move money from stocks into bonds. Artificial intelligence:boom, bubble or bust? Probably a mix of all three. Whatever comes of it, it increases investment risk. It suggests that a lot of retirees and near-retirees need to rethink the…",https://www.forbes.com/sites/baldwin/2026/02/28/warning-ai-is-coming-for-your-401k/,2026-03-01 11:30:00+00:00,2026-03-01,Neutral,0.0,0
Yahoo Entertainment,Stocks face Iran jitters and a crucial jobs report in the week ahead,,"If you click 'Accept all', we and our partners, including 246 who are part of the IAB Transparency &amp; Consent Framework, will also store and / or access information on a device (in other words, us…","Stocks face Iran jitters and a crucial jobs report in the week ahead If you click 'Accept all', we and our partners, including 246 who are part of the IAB Transparency &amp; Consent Framework, will also store and / or access information on a device (in other words, us…",https://consent.yahoo.com/v2/collectConsent?sessionId=1_cc-session_779d2764-cdf1-4786-b186-4e4295ca49bc,2026-03-01 17:00:00+00:00,2026-03-01,Neutral,0.0,0
ABC News (AU),"Live: Iran strikes set to rattle markets, oil and gold prices jump, Wall Street banks fall on credit quality fears",Global markets are braced for the fallout from the outbreak of war in the Middle East. Follow the day's events and insights from our business reporters on the ABC News live markets blog.,"Just where the ASX will end today is hard to tell, but it's a reasonable bet it won't be higher to yet another new record. Even before Operation Epic Fury was unleashed on Iran, ASX 200 futures clos…","Live: Iran strikes set to rattle markets, oil and gold prices jump, Wall Street banks fall on credit quality fears Global markets are braced for the fallout from the outbreak of war in the Middle East. Follow the day's events and insights from our business reporters on the ABC News live markets blog. Just where the ASX will end today is hard to tell, but it's a reasonable bet it won't be higher to yet another new record. Even before Operation Epic Fury was unleashed on Iran, ASX 200 futures clos…",https://www.abc.net.au/news/2026-03-02/asx-markets-business-news-live-updates/106403856,2026-03-01 20:09:09+00:00,2026-03-01,Neutral,0.0,0
Yahoo Entertainment,"Stock market today: Dow, S&P 500, Nasdaq futures sink, oil prices surge as markets react to Iran conflict",Wall Street is reacting to joint attacks from the US and Israel on Iran. Oil and currencies have seen the greatest jumps.,"US stock futures plummeted Sunday night while oil prices surged, as coordinated military strikes by the US and Israel on Iran jolted global markets. Futures tied to the Dow Jones Industrial Average …","Stock market today: Dow, S&P 500, Nasdaq futures sink, oil prices surge as markets react to Iran conflict Wall Street is reacting to joint attacks from the US and Israel on Iran. Oil and currencies have seen the greatest jumps. US stock futures plummeted Sunday night while oil prices surged, as coordinated military strikes by the US and Israel on Iran jolted global markets. Futures tied to the Dow Jones Industrial Average …",https://finance.yahoo.com/news/live/stock-market-today-dow-sp-500-nasdaq-futures-sink-oil-prices-surge-as-markets-react-to-iran-conflict-235000315.html,2026-03-01 23:50:00+00:00,2026-03-01,Neutral,0.0,0
Yahoo Entertainment,"US stocks erase sharp losses, while oil prices leap on worries about Iran war","Oil prices leaped Monday on worries that war with Iran could clog the global flow of crude and make inflation even worse. Crude prices jumped more than 6%,...","NEW YORK (AP) Oil prices leaped Monday on worries that war with Iran could clog the global flow of crude and make inflation even worse. U.S. stocks, meanwhile, swung from sharp losses to a tiny gain.…","US stocks erase sharp losses, while oil prices leap on worries about Iran war Oil prices leaped Monday on worries that war with Iran could clog the global flow of crude and make inflation even worse. Crude prices jumped more than 6%,... NEW YORK (AP) Oil prices leaped Monday on worries that war with Iran could clog the global flow of crude and make inflation even worse. U.S. stocks, meanwhile, swung from sharp losses to a tiny gain.…",https://finance.yahoo.com/news/us-futures-asian-shares-open-004753990.html,2026-03-02 00:47:53+00:00,2026-03-02,Neutral,0.0,0
CoinDesk,"Bitcoin, cryptos under pressure as oil spikes 6% and global markets price in U.S.-Iran conflict","Bitcoin fell back to $66,700 as traditional markets opened to their first chance to price the weekend's military escalation, with oil surging to $77 and Asian equities dropping 1.4%.","A brief Sunday rally didn't survive contact with Monday. Bitcoin slid to $66,702 in early Monday trading, down 1.1% over the past 24 hours, as traditional markets reopened and began pricing the U.S.…","Bitcoin, cryptos under pressure as oil spikes 6% and global markets price in U.S.-Iran conflict Bitcoin fell back to $66,700 as traditional markets opened to their first chance to price the weekend's military escalation, with oil surging to $77 and Asian equities dropping 1.4%. A brief Sunday rally didn't survive contact with Monday. Bitcoin slid to $66,702 in early Monday trading, down 1.1% over the past 24 hours, as traditional markets reopened and began pricing the U.S.…",https://www.coindesk.com/markets/2026/03/02/bitcoin-cryptos-under-pressure-as-oil-spikes-6-and-global-markets-price-in-u-s-iran-conflict,2026-03-02 05:26:20+00:00,2026-03-02,Neutral,0.0,0
Al Jazeera English,"Oil prices rise sharply after US, Israeli attacks on Iran",Brent crude is up by 9 percent amid supply concerns as Trump says ‌strikes on Iran could last weeks.,"Oil prices have risen sharply, and stocks have slid as United States and Israeli attacks on Iran and retaliatory strikes against Israeli and US military installations in the Middle East have disrupte…","Oil prices rise sharply after US, Israeli attacks on Iran Brent crude is up by 9 percent amid supply concerns as Trump says ‌strikes on Iran could last weeks. Oil prices have risen sharply, and stocks have slid as United States and Israeli attacks on Iran and retaliatory strikes against Israeli and US military installations in the Middle East have disrupte…",https://www.aljazeera.com/news/2026/3/2/oil-prices-rise-sharply-after-us-israeli-attacks-on-iran,2026-03-02 09:27:13+00:00,2026-03-02,Neutral,0.0,0
Financial Post,"Gold pares gains as traders weigh Iran war, Fed rate outlook",Gold pared some of its early gains as traders weighed the prospect of the Federal Reserve raising interest rates to tame inflation. Read on,Gold pared some of its early gains as traders weighed the prospect of the Federal Reserve raising interest rates to tame inflation spurred by the conflict in the Middle East. THIS CONTENT IS RESERVE…,"Gold pares gains as traders weigh Iran war, Fed rate outlook Gold pared some of its early gains as traders weighed the prospect of the Federal Reserve raising interest rates to tame inflation. Read on Gold pared some of its early gains as traders weighed the prospect of the Federal Reserve raising interest rates to tame inflation spurred by the conflict in the Middle East. THIS CONTENT IS RESERVE…",https://financialpost.com/commodities/gold-climbs-war-drives-safe-assets-demand,2026-03-02 10:51:31+00:00,2026-03-01,Neutral,0.0,0
CBS News,"Stock futures dive, oil prices jump as U.S. war in Iran rattles investors",Stock markets in the U.S. are poised to drop amid concerns that the U.S.-Israel attacks on Iran could drive up energy costs.,"U.S. stock futures tumbled in premarket trading Monday as global oil prices soared amid signs that U.S.-Israel military strikes in Iran were expanding across the region, raising concerns about potent…","Stock futures dive, oil prices jump as U.S. war in Iran rattles investors Stock markets in the U.S. are poised to drop amid concerns that the U.S.-Israel attacks on Iran could drive up energy costs. U.S. stock futures tumbled in premarket trading Monday as global oil prices soared amid signs that U.S.-Israel military strikes in Iran were expanding across the region, raising concerns about potent…",https://www.cbsnews.com/news/stock-market-today-oil-prices-iran-impact/,2026-03-02 13:18:54+00:00,2026-03-01,Neutral,0.0,0
Boston Herald,Global markets roiled and energy prices soar with US pressing attack on Iran,Futures for the S&P 500 and Dow Jones Industrial Average each sank about 1%.,"By ELAINE KURTENBACH and MICHELLE CHAPMAN, AP Business Writers Military strikes on Iran rattled global markets on Monday with U.S. futures following markets in Europe and Asia lower. Energy prices r…","Global markets roiled and energy prices soar with US pressing attack on Iran Futures for the S&P 500 and Dow Jones Industrial Average each sank about 1%. By ELAINE KURTENBACH and MICHELLE CHAPMAN, AP Business Writers Military strikes on Iran rattled global markets on Monday with U.S. futures following markets in Europe and Asia lower. Energy prices r…",https://www.bostonherald.com/2026/03/02/global-markets-iran/,2026-03-02 13:36:51+00:00,2026-03-02,Neutral,0.0,0
Ritholtz.com,"Transcript: MiB: Jeff Chang, President and Co-Founder of Vest","The transcript from this week’s, MiB: Jeff Chang, President and Co-Founder of Vest, is below. You can stream and download our full conversation, including any podcast extras, on Apple Podcasts, Spotify, YouTube (video), YouTube (audio), and Bloomberg. All of …","The transcript from this weeks, MiB: Jeff Chang, President and Co-Founder of Vest, is below. You can stream and download our full conversation, including any podcast extras, on Apple Podcasts, Spoti…","Transcript: MiB: Jeff Chang, President and Co-Founder of Vest The transcript from this week’s, MiB: Jeff Chang, President and Co-Founder of Vest, is below. You can stream and download our full conversation, including any podcast extras, on Apple Podcasts, Spotify, YouTube (video), YouTube (audio), and Bloomberg. All of … The transcript from this weeks, MiB: Jeff Chang, President and Co-Founder of Vest, is below. You can stream and download our full conversation, including any podcast extras, on Apple Podcasts, Spoti…",https://ritholtz.com/2026/03/transcript-mib-jeff/,2026-03-02 14:00:53+00:00,2026-03-01,Neutral,0.0,0
The Times of India,"Why S&P 500 crashing amid US-Iran war and Middle East chaos? S&P 500 down -0.65% while oil, gold, Bitcoin and safe-haven assets are rallying as markets reprice risk","The S&P 500 fell 0.65% today as investors reacted to the escalating US-Iran war and rising Middle East tensions. The Dow Jones Industrial Average and Nasdaq Composite also slipped in early trading. At the same time, oil prices surged over 6%, with WTI crude a…","The S&amp;P 500 fell 0.5% to 6,860.71 after U.S.Israeli airstrikes on Iran jolted global markets and pushed oil prices sharply higher. Traders immediately priced in geopolitical risk. WTI crude jumpe…","Why S&P 500 crashing amid US-Iran war and Middle East chaos? S&P 500 down -0.65% while oil, gold, Bitcoin and safe-haven assets are rallying as markets reprice risk The S&P 500 fell 0.65% today as investors reacted to the escalating US-Iran war and rising Middle East tensions. The Dow Jones Industrial Average and Nasdaq Composite also slipped in early trading. At the same time, oil prices surged over 6%, with WTI crude a… The S&amp;P 500 fell 0.5% to 6,860.71 after U.S.Israeli airstrikes on Iran jolted global markets and pushed oil prices sharply higher. Traders immediately priced in geopolitical risk. WTI crude jumpe…",https://economictimes.indiatimes.com/news/international/us/why-sp-500-crashing-amid-us-iran-war-and-middle-east-chaos-sp-500-down-0-65-while-oil-gold-bitcoin-and-safe-haven-assets-are-rallying-as-markets-reprice-risk/articleshow/128949749.cms,2026-03-02 15:27:58+00:00,2026-03-02,Neutral,0.0,0
Jezebel,Splinter: Trump Has Bet the Economy on War With Iran,"One day does not make a trend, but it’s clear that Iran is willing to weaponize oil prices against us for now, and if we see a sustained rise in energy prices, Trump may get his ultimate wish to take America back to the early 1980s, Volcker shock and all.","There are of course, a million different horrors to focus on in Americas latest quagmire in the Middle East, and the economy is not more paramount than the immediate threat to the lives of people acr…","Splinter: Trump Has Bet the Economy on War With Iran One day does not make a trend, but it’s clear that Iran is willing to weaponize oil prices against us for now, and if we see a sustained rise in energy prices, Trump may get his ultimate wish to take America back to the early 1980s, Volcker shock and all. There are of course, a million different horrors to focus on in Americas latest quagmire in the Middle East, and the economy is not more paramount than the immediate threat to the lives of people acr…",https://www.jezebel.com/trump-has-bet-the-economy-on-war-with-iran,2026-03-02 15:59:31+00:00,2026-03-02,Neutral,0.0,0
Business Insider,One of Wall Street's biggest stock bulls reveals the level oil prices have to reach to derail his rosy forecast,Oil prices are surging after conflict with Iran broke out over the weekend. Mike Wilson says crude would have to spike a lot more to derail the bull case for stocks.,"Oil prices are surging after the US and Israel attacked Iran this weekend, and one of Wall Street's top stock bulls is eyeing a key threshold that would derail his upbeat outlook for this year. Bre…","One of Wall Street's biggest stock bulls reveals the level oil prices have to reach to derail his rosy forecast Oil prices are surging after conflict with Iran broke out over the weekend. Mike Wilson says crude would have to spike a lot more to derail the bull case for stocks. Oil prices are surging after the US and Israel attacked Iran this weekend, and one of Wall Street's top stock bulls is eyeing a key threshold that would derail his upbeat outlook for this year. Bre…",https://www.businessinsider.com/oil-prices-stock-market-impact-brent-forecast-mike-wilson-wti-2026-3,2026-03-02 16:46:23+00:00,2026-03-01,Neutral,0.0,0
The Times of India,Why is Nasdaq suddenly up today? S&P 500 and Nasdaq Composite jump despite Iran crisis shock — here’s what’s boosting Nasdaq sentiment,"The Nasdaq Composite rose 80.79 points to 22,749.00, up 0.36%, after falling 1.6% earlier today. Investors first sold on Iran strike fears. Then they bought the dip. Strong gains in NVIDIA Corporation and Microsoft Corporation lifted the tech-heavy index. The…","The Nasdaq Composite climbed 80.79 points to 22,749.00, rising 0.36% after falling as much as 1.6% earlier in the session. Investors reacted sharply at the open to escalating Middle East tensions fol…","Why is Nasdaq suddenly up today? S&P 500 and Nasdaq Composite jump despite Iran crisis shock — here’s what’s boosting Nasdaq sentiment The Nasdaq Composite rose 80.79 points to 22,749.00, up 0.36%, after falling 1.6% earlier today. Investors first sold on Iran strike fears. Then they bought the dip. Strong gains in NVIDIA Corporation and Microsoft Corporation lifted the tech-heavy index. The… The Nasdaq Composite climbed 80.79 points to 22,749.00, rising 0.36% after falling as much as 1.6% earlier in the session. Investors reacted sharply at the open to escalating Middle East tensions fol…",https://economictimes.indiatimes.com/news/international/us/why-is-nasdaq-suddenly-up-today-sp-500-and-nasdaq-composite-jump-despite-iran-crisis-shock-heres-whats-boosting-nasdaq-sentiment/articleshow/128951850.cms,2026-03-02 17:10:29+00:00,2026-03-01,Neutral,0.0,0
CBS News,What does 1 gram of 24K gold cost in today's market?,Gold prices have more than doubled since 2020. Here's exactly what one gram of 24K gold will cost you right now.,"With gold prices as high as they are right now, it makes sense to know the actual cost of a gram of 24 karat gold. Tamer Soliman/Getty Images Gold has never been a particularly quiet asset, but wha…","What does 1 gram of 24K gold cost in today's market? Gold prices have more than doubled since 2020. Here's exactly what one gram of 24K gold will cost you right now. With gold prices as high as they are right now, it makes sense to know the actual cost of a gram of 24 karat gold. Tamer Soliman/Getty Images Gold has never been a particularly quiet asset, but wha…",https://www.cbsnews.com/news/what-does-1-gram-of-24k-gold-cost-in-march-2026/,2026-03-02 18:58:59+00:00,2026-03-02,Neutral,0.0,0
Breitbart News,"Breitbart Business Digest: A Fed Mistake, Not Higher Oil Prices, Is the Biggest Threat After the Iran Strike","Financial markets on Monday indicated that any damage to the U.S. economy from the military conflict between the U.S. and Iran is likely to be minimal. The post Breitbart Business Digest: A Fed Mistake, Not Higher Oil Prices, Is the Biggest Threat After the I…",We Have Nothing to Fear Except Fed Fears of Oil-Driven Inflation Financial markets on Monday indicated that any damage to the U.S. economy from the military conflict between the U.S. and Iran is lik…,"Breitbart Business Digest: A Fed Mistake, Not Higher Oil Prices, Is the Biggest Threat After the Iran Strike Financial markets on Monday indicated that any damage to the U.S. economy from the military conflict between the U.S. and Iran is likely to be minimal. The post Breitbart Business Digest: A Fed Mistake, Not Higher Oil Prices, Is the Biggest Threat After the I… We Have Nothing to Fear Except Fed Fears of Oil-Driven Inflation Financial markets on Monday indicated that any damage to the U.S. economy from the military conflict between the U.S. and Iran is lik…",https://www.breitbart.com/economy/2026/03/02/breitbart-business-digest-a-fed-mistake-not-higher-oil-prices-is-the-biggest-threat-after-the-iran-strike/,2026-03-02 22:38:57+00:00,2026-03-02,Neutral,0.0,0
Yahoo Entertainment,Treasuries Rout Shows Iran Conflict Reigniting Inflation Worry,Inflation is re-emerging as the crucial worry in the $30 trillion Treasuries market as investors see the risk of a protracted conflict in the Mideast that...,"Inflation is re-emerging as the crucial worry in the $30 trillion Treasuries market as investors see the risk of a protracted conflict in the Mideast that keeps crude prices elevated. For weeks, have…","Treasuries Rout Shows Iran Conflict Reigniting Inflation Worry Inflation is re-emerging as the crucial worry in the $30 trillion Treasuries market as investors see the risk of a protracted conflict in the Mideast that... Inflation is re-emerging as the crucial worry in the $30 trillion Treasuries market as investors see the risk of a protracted conflict in the Mideast that keeps crude prices elevated. For weeks, have…",https://finance.yahoo.com/video/treasuries-rout-shows-iran-conflict-224205876.html,2026-03-02 22:42:05+00:00,2026-03-02,Neutral,0.0,0
Hurriyet Daily News,Oil extends gains and stocks drop as Iran conflict spreads,"Oil prices extended gains and equities fell Tuesday as investors kept tabs on the Middle East as the United States and Israel continued to bombard Iran, while Tehran launched further strikes on neighbours.","TEHRAN Oilprices extended gains and equities fell Tuesday as investors kept tabs on the Middle East as the United States and Israel continued to bombard Iran, while Tehran launched further strikes o…","Oil extends gains and stocks drop as Iran conflict spreads Oil prices extended gains and equities fell Tuesday as investors kept tabs on the Middle East as the United States and Israel continued to bombard Iran, while Tehran launched further strikes on neighbours. TEHRAN Oilprices extended gains and equities fell Tuesday as investors kept tabs on the Middle East as the United States and Israel continued to bombard Iran, while Tehran launched further strikes o…",https://www.hurriyetdailynews.com/oil-extends-gains-and-stocks-drop-as-iran-conflict-spreads-219523,2026-03-03 05:55:42+00:00,2026-03-03,Neutral,0.0,0
CoinDesk,Oil shock and inflation fears drag down bitcoin,"The day ahead in crypto: March 3, 2026","By Francisco Rodrigues (All times ET unless indicated otherwise) Bitcoin fell more than 3.5% to below $67,000 as escalating tensions in the Middle East drove investors out of risk assets and into th…","Oil shock and inflation fears drag down bitcoin The day ahead in crypto: March 3, 2026 By Francisco Rodrigues (All times ET unless indicated otherwise) Bitcoin fell more than 3.5% to below $67,000 as escalating tensions in the Middle East drove investors out of risk assets and into th…",https://www.coindesk.com/daybook-us/2026/03/03/oil-shock-and-inflation-fears-drag-down-bitcoin,2026-03-03 12:15:00+00:00,2026-03-03,Neutral,0.0,0
CoinDesk,"Bitcoin could slide further on liquidity squeeze, but long-term bull case intact: Sygnum CIO","Fabian Dori says a short-term liquidity squeeze is driving crypto’s slump, with further downside possible, though improving macro data and fundamentals could speed a recovery.","Bitcoins BTC $66,913.69 volatility is likely to remain elevated in the near term, and prices could fall further, as crypto markets grapple with a liquidity squeeze and deeply fractured sentiment, ac…","Bitcoin could slide further on liquidity squeeze, but long-term bull case intact: Sygnum CIO Fabian Dori says a short-term liquidity squeeze is driving crypto’s slump, with further downside possible, though improving macro data and fundamentals could speed a recovery. Bitcoins BTC $66,913.69 volatility is likely to remain elevated in the near term, and prices could fall further, as crypto markets grapple with a liquidity squeeze and deeply fractured sentiment, ac…",https://www.coindesk.com/markets/2026/03/02/bitcoin-could-slide-further-on-liquidity-squeeze-but-long-term-bull-case-intact-sygnum-cio,2026-03-03 12:55:03+00:00,2026-03-03,Neutral,0.0,0
Yahoo Entertainment,"Stock market today: Dow plunges over 1,100 points, S&P 500 and Nasdaq sink as oil surges amid war worries",The fresh wave of Israeli-led attacks has jolted markets that on Monday mostly managed to shake off the initial shock of the outbreak.,"US stocks sold off on Tuesday after Israel and US jets launched new strikes on Iran, as the widening conflict stoked worries about a drawn-out regional war. The Dow Jones Industrial Average (^DJI) f…","Stock market today: Dow plunges over 1,100 points, S&P 500 and Nasdaq sink as oil surges amid war worries The fresh wave of Israeli-led attacks has jolted markets that on Monday mostly managed to shake off the initial shock of the outbreak. US stocks sold off on Tuesday after Israel and US jets launched new strikes on Iran, as the widening conflict stoked worries about a drawn-out regional war. The Dow Jones Industrial Average (^DJI) f…",https://finance.yahoo.com/news/live/stock-market-today-dow-plunges-over-1100-points-sp-500-and-nasdaq-sink-as-oil-surges-amid-war-worries-150425235.html,2026-03-03 15:04:25+00:00,2026-03-03,Neutral,0.0,0
Yahoo Entertainment,"Stock market today: Dow falls by 700 points, S&P 500 and Nasdaq sink as oil surges amid war worries",The fresh wave of Israeli-led attacks has jolted markets that on Monday mostly managed to shake off the initial shock of the outbreak.,"US stocks sold off on Tuesday after Israel and US jets launched new strikes on Iran, as the widening conflict stoked worries about a drawn-out regional war. The Dow Jones Industrial Average (^DJI) f…","Stock market today: Dow falls by 700 points, S&P 500 and Nasdaq sink as oil surges amid war worries The fresh wave of Israeli-led attacks has jolted markets that on Monday mostly managed to shake off the initial shock of the outbreak. US stocks sold off on Tuesday after Israel and US jets launched new strikes on Iran, as the widening conflict stoked worries about a drawn-out regional war. The Dow Jones Industrial Average (^DJI) f…",https://finance.yahoo.com/news/live/stock-market-today-dow-falls-by-700-points-sp-500-and-nasdaq-sink-as-oil-surges-amid-war-worries-150425336.html,2026-03-03 15:04:25+00:00,2026-03-03,Neutral,0.0,0
CNA,Stocks fall globally as energy price jump ignites inflation fears,"NEW YORK/LONDON, March 3 : Stock indexes around the world lost ground while the dollar rose on Tuesday, as a widening conflict in the Middle East created safe-haven demand and pushed oil prices up sharply, exacerbating investor concerns about inflation. Oil f…","NEW YORK/LONDON, March 3 : Stock indexes around the world lost ground while the dollar rose on Tuesday, as a widening conflict in the Middle East created safe-haven demand and pushed oil prices up sh…","Stocks fall globally as energy price jump ignites inflation fears NEW YORK/LONDON, March 3 : Stock indexes around the world lost ground while the dollar rose on Tuesday, as a widening conflict in the Middle East created safe-haven demand and pushed oil prices up sharply, exacerbating investor concerns about inflation. Oil f… NEW YORK/LONDON, March 3 : Stock indexes around the world lost ground while the dollar rose on Tuesday, as a widening conflict in the Middle East created safe-haven demand and pushed oil prices up sh…",https://www.channelnewsasia.com/business/stocks-fall-globally-energy-price-jump-ignites-inflation-fears-5965626,2026-03-03 17:12:25+00:00,2026-03-02,Neutral,0.0,0
CNA,Stocks tumble as energy price jump ignites inflation fears,"NEW YORK/LONDON, March 3 : Stock indexes around the world tumbled and government bonds rose with the dollar on Tuesday, as a widening conflict in the Middle East pushed oil prices up sharply for a second straight day and exacerbated investor concerns about in…","NEW YORK/LONDON, March 3 : Stock indexes around the world tumbled and government bonds rose with the dollar on Tuesday, as a widening conflict in the Middle East pushed oil prices up sharply for a se…","Stocks tumble as energy price jump ignites inflation fears NEW YORK/LONDON, March 3 : Stock indexes around the world tumbled and government bonds rose with the dollar on Tuesday, as a widening conflict in the Middle East pushed oil prices up sharply for a second straight day and exacerbated investor concerns about in… NEW YORK/LONDON, March 3 : Stock indexes around the world tumbled and government bonds rose with the dollar on Tuesday, as a widening conflict in the Middle East pushed oil prices up sharply for a se…",https://www.channelnewsasia.com/business/stocks-tumble-energy-price-jump-ignites-inflation-fears-5965626,2026-03-03 17:12:25+00:00,2026-03-02,Neutral,0.0,0
Yahoo Entertainment,Gold tumbles amid broader market sell-off as dollar rises,Gold tumbled 4% on Tuesday as the broader market rolled over amid a widening Middle East conflict.,Gold (GC=F) tumbled as much as 4% on Tuesday as a sharp move higher in the US dollar put pressure on precious metals and investors went risk-off across the broader market. Bullion touched its lowest…,Gold tumbles amid broader market sell-off as dollar rises Gold tumbled 4% on Tuesday as the broader market rolled over amid a widening Middle East conflict. Gold (GC=F) tumbled as much as 4% on Tuesday as a sharp move higher in the US dollar put pressure on precious metals and investors went risk-off across the broader market. Bullion touched its lowest…,https://finance.yahoo.com/news/gold-tumbles-amid-broader-market-sell-off-as-dollar-rises-181434869.html,2026-03-03 18:14:34+00:00,2026-03-03,Neutral,0.0,0
Yahoo Entertainment,"Stock market today: Dow, S&P 500, Nasdaq futures pare losses as Iran war volatility continues",Wall Street is scrambling to settle as the war in the Middle East is causing volatility across the board.,US stock futures nudged into the green on Wednesday following a seesaw day on Wall Street as investors kept a watchful eye on signs the Iran conflict could break out into regional war. Contracts on …,"Stock market today: Dow, S&P 500, Nasdaq futures pare losses as Iran war volatility continues Wall Street is scrambling to settle as the war in the Middle East is causing volatility across the board. US stock futures nudged into the green on Wednesday following a seesaw day on Wall Street as investors kept a watchful eye on signs the Iran conflict could break out into regional war. Contracts on …",https://finance.yahoo.com/news/live/stock-market-today-dow-sp-500-nasdaq-futures-turn-higher-as-iran-war-volatility-continues-234948079.html,2026-03-03 23:49:48+00:00,2026-03-03,Neutral,0.0,0
Yahoo Entertainment,"Stock market today: Dow, S&P 500, Nasdaq futures fall as Iran reportedly calls for talks to end conflict",Investors are weighing a NYT report that Iran has indirectly approached the US to discuss terms for ending the conflict.,US stock futures edged lower on Wednesday following a seesaw day on Wall Street after a report that Iran has indirectly approached the US to discuss terms for ending the escalating conflict. Contrac…,"Stock market today: Dow, S&P 500, Nasdaq futures fall as Iran reportedly calls for talks to end conflict Investors are weighing a NYT report that Iran has indirectly approached the US to discuss terms for ending the conflict. US stock futures edged lower on Wednesday following a seesaw day on Wall Street after a report that Iran has indirectly approached the US to discuss terms for ending the escalating conflict. Contrac…",https://finance.yahoo.com/news/live/stock-market-today-dow-sp-500-nasdaq-futures-fall-as-iran-reportedly-calls-for-talks-to-end-conflict-234948450.html,2026-03-03 23:49:48+00:00,2026-03-03,Neutral,0.0,0
CoinDesk,"Bitcoin holds, ether, solana slide as Mideast woes drag Asian equities to multi-year lows","The largest cryptocurrency briefly reclaimed the top of its range on Tuesday before sellers pushed it back to $67,000, while South Korean stocks posted their worst two-day drop since 2008.","Bitcoin has now dropped from the $70,000 level three times since the Feb. 5 crash as Wednesday's Asian session found the market back at $67,600 after another failed attempt earlier in the week. BTC …","Bitcoin holds, ether, solana slide as Mideast woes drag Asian equities to multi-year lows The largest cryptocurrency briefly reclaimed the top of its range on Tuesday before sellers pushed it back to $67,000, while South Korean stocks posted their worst two-day drop since 2008. Bitcoin has now dropped from the $70,000 level three times since the Feb. 5 crash as Wednesday's Asian session found the market back at $67,600 after another failed attempt earlier in the week. BTC …",https://www.coindesk.com/markets/2026/03/04/bitcoin-holds-ether-solana-slide-as-mideast-woes-drag-asian-equities-to-multi-year-lows,2026-03-04 05:06:46+00:00,2026-03-04,Neutral,0.0,0
Hurriyet Daily News,"Seoul tanks as Asian stocks tumble, oil extends gains on Iran war","Seoul shares collapsed more than 12 percent as Asian equity markets were hit by panic selling Wednesday, while oil rose amid fears the U.S.-Israel war on Iran will fan inflation and hammer the global economy.","SEOUL An oil tanker is pictured offshore in Dubai on March 1, 2026. Seoul shares collapsed more than 12 percent as Asian equity markets were hit by panic selling Wednesday, while oil rose amid fea…","Seoul tanks as Asian stocks tumble, oil extends gains on Iran war Seoul shares collapsed more than 12 percent as Asian equity markets were hit by panic selling Wednesday, while oil rose amid fears the U.S.-Israel war on Iran will fan inflation and hammer the global economy. SEOUL An oil tanker is pictured offshore in Dubai on March 1, 2026. Seoul shares collapsed more than 12 percent as Asian equity markets were hit by panic selling Wednesday, while oil rose amid fea…",https://www.hurriyetdailynews.com/seoul-tanks-as-asian-stocks-tumble-oil-extends-gains-on-iran-war-219573,2026-03-04 05:30:09+00:00,2026-03-04,Neutral,0.0,0
Wired,How Is Kalshi Not Gambling?,"Kalshi lets you place bets on everything from football games to foreign invasions. The prediction market’s CEO, Tarek Mansour, says this doesn’t count as gambling—and is actually good for society.","No matter what mechanism, theres still a bet made. Maybe you are offering a better deal. As far as the customer is concerned, its as if your particular casino is offering better odds. Better prices …","How Is Kalshi Not Gambling? Kalshi lets you place bets on everything from football games to foreign invasions. The prediction market’s CEO, Tarek Mansour, says this doesn’t count as gambling—and is actually good for society. No matter what mechanism, theres still a bet made. Maybe you are offering a better deal. As far as the customer is concerned, its as if your particular casino is offering better odds. Better prices …",https://www.wired.com/story/big-interview-tarek-mansour-kalshi/,2026-03-04 11:00:00+00:00,2026-03-04,Neutral,0.0,0
The Times of India,"Why US stock futures suddenly surged today: Dow, S&P 500 and Nasdaq turn green — Is Wall Street returning to its growth path now?","US stock futures turned green early Wednesday. Dow futures jumped to 48,598. S&P 500 futures climbed to 6,837. Nasdaq futures rose to 24,824. The rebound followed a sharp sell-off on Wall Street a day earlier. Markets reacted after reports said Iran quietly a…","US stock futures surged early Wednesday, signaling a possible rebound on Wall Street after a volatile trading session. Dow futures rose to 48,598, up 38 points (0.08%), while S&amp;P 500 futures clim…","Why US stock futures suddenly surged today: Dow, S&P 500 and Nasdaq turn green — Is Wall Street returning to its growth path now? US stock futures turned green early Wednesday. Dow futures jumped to 48,598. S&P 500 futures climbed to 6,837. Nasdaq futures rose to 24,824. The rebound followed a sharp sell-off on Wall Street a day earlier. Markets reacted after reports said Iran quietly a… US stock futures surged early Wednesday, signaling a possible rebound on Wall Street after a volatile trading session. Dow futures rose to 48,598, up 38 points (0.08%), while S&amp;P 500 futures clim…",https://economictimes.indiatimes.com/news/international/us/why-us-stock-futures-suddenly-surged-today-dow-futures-sp-500-and-nasdaq-turn-green-is-wall-street-returning-to-its-growth-path-now/articleshow/129025557.cms,2026-03-04 12:09:27+00:00,2026-03-04,Neutral,0.0,0
Alltoc.com,Why are markets tumbling now? #world,Markets reprice risk after Middle East conflict Global equity markets and commodities moved sharply as investors reacted to an abrupt escalation of military strikes in the Middle East. U.S. stock indexes fell: the Dow dropped about 400 points while the S&P 50…,Global equity markets and commodities moved sharply as investors reacted to an abrupt escalation of military strikes in the Middle East. U.S. stock indexes fell: the Dow dropped about 400 points whil…,Why are markets tumbling now? #world Markets reprice risk after Middle East conflict Global equity markets and commodities moved sharply as investors reacted to an abrupt escalation of military strikes in the Middle East. U.S. stock indexes fell: the Dow dropped about 400 points while the S&P 50… Global equity markets and commodities moved sharply as investors reacted to an abrupt escalation of military strikes in the Middle East. U.S. stock indexes fell: the Dow dropped about 400 points whil…,https://alltoc.com/world/why-are-markets-tumbling-now,2026-03-04 12:11:56+00:00,2026-03-03,Neutral,0.0,0
Yahoo Entertainment,"Stock market today: Dow, S&P 500, Nasdaq rise on Iran war hopes, upbeat jobs data",,"If you click 'Accept all', we and our partners, including 246 who are part of the IAB Transparency &amp; Consent Framework, will also store and / or access information on a device (in other words, us…","Stock market today: Dow, S&P 500, Nasdaq rise on Iran war hopes, upbeat jobs data If you click 'Accept all', we and our partners, including 246 who are part of the IAB Transparency &amp; Consent Framework, will also store and / or access information on a device (in other words, us…",https://consent.yahoo.com/v2/collectConsent?sessionId=1_cc-session_c9c2b6bd-2238-4496-88e6-c32a6132e8cf,2026-03-04 14:35:16+00:00,2026-03-04,Neutral,0.0,0
Yahoo Entertainment,"Goldman says global equities face correction risks, but bear market unlikely","March 4 (Reuters) - Goldman Sachs sees ""correction risks"" to global stocks in the near term due to worries about geopolitics, AI disruption and elevated...","March 4 (Reuters) - Goldman Sachs sees ""correction risks"" to global stocks in the near term due to worries about geopolitics, AI disruption and elevated valuations, though the Wall Street bank sees l…","Goldman says global equities face correction risks, but bear market unlikely March 4 (Reuters) - Goldman Sachs sees ""correction risks"" to global stocks in the near term due to worries about geopolitics, AI disruption and elevated... March 4 (Reuters) - Goldman Sachs sees ""correction risks"" to global stocks in the near term due to worries about geopolitics, AI disruption and elevated valuations, though the Wall Street bank sees l…",https://ca.finance.yahoo.com/news/goldman-says-global-equities-face-145520332.html,2026-03-04 14:55:20+00:00,2026-03-04,Neutral,0.0,0
CoinDesk,"Coinbase, Strategy lead crypto stocks higher as bitcoin spikes above $72,000","Crypto-related equities saw large gains at the Wednesday open, rebounding from Tuesday's selloff.","Crypto-related stocks opened the Wednesday U.S. session with sizable gains as bitcoin BTC $71 150,61 surged above $72,000 for the first time in almost a month. Crypto exchange Coinbase (COIN) jumpe…","Coinbase, Strategy lead crypto stocks higher as bitcoin spikes above $72,000 Crypto-related equities saw large gains at the Wednesday open, rebounding from Tuesday's selloff. Crypto-related stocks opened the Wednesday U.S. session with sizable gains as bitcoin BTC $71 150,61 surged above $72,000 for the first time in almost a month. Crypto exchange Coinbase (COIN) jumpe…",https://www.coindesk.com/markets/2026/03/04/coinbase-strategy-lead-crypto-stocks-higher-as-bitcoin-spikes-above-usd72-000,2026-03-04 15:11:19+00:00,2026-03-04,Neutral,0.0,0
CNA,"US, European stocks rise as oil takes a pause and crypto rallies","NEW YORK/LONDON, March 4 : U.S. equities followed Europe higher on Wednesday as oil prices steadied after their dramatic two-day rally and a surge in cryptocurrencies encouraged investors to take on risk even while they cautiously monitored the Middle East wa…","NEW YORK/LONDON, March 4 : U.S. equities followed Europe higher on Wednesday as oil prices steadied after their dramatic two-day rally and a surge in cryptocurrencies encouraged investors to take on …","US, European stocks rise as oil takes a pause and crypto rallies NEW YORK/LONDON, March 4 : U.S. equities followed Europe higher on Wednesday as oil prices steadied after their dramatic two-day rally and a surge in cryptocurrencies encouraged investors to take on risk even while they cautiously monitored the Middle East wa… NEW YORK/LONDON, March 4 : U.S. equities followed Europe higher on Wednesday as oil prices steadied after their dramatic two-day rally and a surge in cryptocurrencies encouraged investors to take on …",https://www.channelnewsasia.com/business/us-european-stocks-rise-oil-takes-pause-and-crypto-rallies-5968661,2026-03-04 17:45:47+00:00,2026-03-03,Neutral,0.0,0
Yahoo Entertainment,"Bitcoin tops $73,000 as investors look for a hedge, crypto stocks surge after Kraken news","Bitcoin topped $73,000 as strategists point to crypto's resilience amid the Middle East conflict.","Bitcoin (BTC-USD) rose 8% on Wednesday, with strategists pointing to the token's resilience amid market volatility tied to the Middle East conflict. A move to integrate digital assets into the US ma…","Bitcoin tops $73,000 as investors look for a hedge, crypto stocks surge after Kraken news Bitcoin topped $73,000 as strategists point to crypto's resilience amid the Middle East conflict. Bitcoin (BTC-USD) rose 8% on Wednesday, with strategists pointing to the token's resilience amid market volatility tied to the Middle East conflict. A move to integrate digital assets into the US ma…",https://finance.yahoo.com/news/bitcoin-tops-73000-as-investors-look-for-a-hedge-crypto-stocks-surge-after-kraken-news-175357273.html,2026-03-04 17:53:57+00:00,2026-03-04,Neutral,0.0,0
Newser,Stocks Rebound After Oil Prices Stop Spiking,"The US stock market rebounded Wednesday after oil prices stopped spiking and reports gave encouraging updates on the economy. The S&P 500 rose 52.87 points, or 0.8%, to 6,869.50, erasing much of its loss since the war with Iran began. The Dow Jones Industrial…","Oil prices moderated through the day. After briefly topping $84 per barrel, the price for a barrel of Brent crude, the international standard, settled at $81.40, back to where it was a day earlier. A…","Stocks Rebound After Oil Prices Stop Spiking The US stock market rebounded Wednesday after oil prices stopped spiking and reports gave encouraging updates on the economy. The S&P 500 rose 52.87 points, or 0.8%, to 6,869.50, erasing much of its loss since the war with Iran began. The Dow Jones Industrial… Oil prices moderated through the day. After briefly topping $84 per barrel, the price for a barrel of Brent crude, the international standard, settled at $81.40, back to where it was a day earlier. A…",https://www.newser.com/story/384816/stocks-rebound-after-oil-prices-stop-spiking.html,2026-03-04 21:48:45+00:00,2026-03-04,Neutral,0.0,0
CoinDesk,"Ether, solana, xrp surge 8% as crypto markets rally on easing war fears","Ether surged 7.5%, dogecoin jumped 7.5%, and solana added 5.3% as global equities rebounded and $700 million flowed into U.S. spot bitcoin ETFs since the start of March.","Bitcoin finally got through the door. The largest cryptocurrency broke above $72,000 on Thursday, its highest level since before the Feb. 5 crash and the first clean move above the $70,000 ceiling t…","Ether, solana, xrp surge 8% as crypto markets rally on easing war fears Ether surged 7.5%, dogecoin jumped 7.5%, and solana added 5.3% as global equities rebounded and $700 million flowed into U.S. spot bitcoin ETFs since the start of March. Bitcoin finally got through the door. The largest cryptocurrency broke above $72,000 on Thursday, its highest level since before the Feb. 5 crash and the first clean move above the $70,000 ceiling t…",https://www.coindesk.com/markets/2026/03/05/ether-solana-xrp-surge-8-as-crypto-markets-rally-on-easing-war-fears,2026-03-05 06:29:26+00:00,2026-03-04,Neutral,0.0,0
Barchart.com,Stocks Pressured by Rising Oil Prices and Bond Yields,"The S&P 500 Index ($SPX ) (SPY ) today is down -0.26%, the Dow Jones Industrial Average ($DOWI ) (DIA ) is down -0.80%, and the Nasdaq 100 Index ($IUXX...","In addition, damage from an intercepted Iranian drone caused a major fire on Tuesday at the United Arab Emirates' major oil-trading hub, Fujairah, one of the largest oil storage centers in the Middle…","Stocks Pressured by Rising Oil Prices and Bond Yields The S&P 500 Index ($SPX ) (SPY ) today is down -0.26%, the Dow Jones Industrial Average ($DOWI ) (DIA ) is down -0.80%, and the Nasdaq 100 Index ($IUXX... In addition, damage from an intercepted Iranian drone caused a major fire on Tuesday at the United Arab Emirates' major oil-trading hub, Fujairah, one of the largest oil storage centers in the Middle…",https://www.barchart.com/story/news/586076/stocks-pressured-by-rising-oil-prices-and-bond-yields,2026-03-05 15:17:56+00:00,2026-03-05,Neutral,0.0,0
CNA,"US and European stocks fall as Iran war drives oil rally, bond selloff","NEW YORK/LONDON, March 5 : Equities fell on Wall Street and in Europe on Thursday and government bonds sold off, while the dollar climbed, as oil prices jumped on supply fears amid intensifying fighting on the sixth day of the U.S.-Israeli war with Iran. The …","NEW YORK/LONDON, March 5 : Equities fell on Wall Street and in Europe on Thursday and government bonds sold off, while the dollar climbed, as oil prices jumped on supply fears amid intensifying fight…","US and European stocks fall as Iran war drives oil rally, bond selloff NEW YORK/LONDON, March 5 : Equities fell on Wall Street and in Europe on Thursday and government bonds sold off, while the dollar climbed, as oil prices jumped on supply fears amid intensifying fighting on the sixth day of the U.S.-Israeli war with Iran. The … NEW YORK/LONDON, March 5 : Equities fell on Wall Street and in Europe on Thursday and government bonds sold off, while the dollar climbed, as oil prices jumped on supply fears amid intensifying fight…",https://www.channelnewsasia.com/business/us-and-european-stocks-fall-iran-war-drives-oil-rally-bond-selloff-5974421,2026-03-05 15:23:30+00:00,2026-03-04,Neutral,0.0,0
CoinDesk,"Bitcoin pulls back to near $71,000 even as software sector soars","The two battered markets have had a nearly one-to-one correlation in recent months, but are moving in opposite directions on Thursday.","Bitcoins BTC $72,578.05 early-week rally began to fade after U.S. markets opened Thursday, sending the cryptocurrency by nearly 2% over the past 24 hours to $71,400. The move comes alongside declin…","Bitcoin pulls back to near $71,000 even as software sector soars The two battered markets have had a nearly one-to-one correlation in recent months, but are moving in opposite directions on Thursday. Bitcoins BTC $72,578.05 early-week rally began to fade after U.S. markets opened Thursday, sending the cryptocurrency by nearly 2% over the past 24 hours to $71,400. The move comes alongside declin…",https://www.coindesk.com/markets/2026/03/05/bitcoin-pulls-back-to-usd71-000-even-as-software-sector-soars,2026-03-05 15:57:23+00:00,2026-03-05,Neutral,0.0,0
Yahoo Entertainment,Stocks Fall as Crude Oil Surge Stokes Inflation Fears,,"If you click 'Accept all', we and our partners, including 246 who are part of the IAB Transparency &amp; Consent Framework, will also store and / or access information on a device (in other words, us…","Stocks Fall as Crude Oil Surge Stokes Inflation Fears If you click 'Accept all', we and our partners, including 246 who are part of the IAB Transparency &amp; Consent Framework, will also store and / or access information on a device (in other words, us…",https://consent.yahoo.com/v2/collectConsent?sessionId=1_cc-session_a5f0a228-facf-4e41-948d-201811477374,2026-03-05 16:22:57+00:00,2026-03-04,Neutral,0.0,0
Yahoo Entertainment,GOP Senators Advocate For $200 Billion Tax Cut Without Congressional Approval Ahead Of Midterms: Report,"Republican senators Ted Cruz (R-TX) and Tim Scott (R-SC) are reportedly advocating for a $200 billion tax cut that would not require congressional approval, ...","Republican senators Ted Cruz (R-TX) and Tim Scott (R-SC) are reportedly advocating for a $200 billion tax cut that would not require congressional approval, as the GOP seeks to boost its economic sta…","GOP Senators Advocate For $200 Billion Tax Cut Without Congressional Approval Ahead Of Midterms: Report Republican senators Ted Cruz (R-TX) and Tim Scott (R-SC) are reportedly advocating for a $200 billion tax cut that would not require congressional approval, ... Republican senators Ted Cruz (R-TX) and Tim Scott (R-SC) are reportedly advocating for a $200 billion tax cut that would not require congressional approval, as the GOP seeks to boost its economic sta…",https://finance.yahoo.com/news/gop-senators-advocate-200-billion-163045914.html,2026-03-05 16:30:45+00:00,2026-03-04,Neutral,0.0,0
Business Insider,"Most of the US economy is already in a recession, and GDP is only being propped up by tech, market vet says","Wall Street veteran Jim Paulsen said tech is the only bright spot in the economy, comparing the bifurcation to the Mag 7 vs. the rest of the S&P 500.","The US economy has proven more resilient than many feared, but one Wall Street veteran says that a recession is only being held back by tech. Jim Paulsen, a markets strategist with more than 40 yea…","Most of the US economy is already in a recession, and GDP is only being propped up by tech, market vet says Wall Street veteran Jim Paulsen said tech is the only bright spot in the economy, comparing the bifurcation to the Mag 7 vs. the rest of the S&P 500. The US economy has proven more resilient than many feared, but one Wall Street veteran says that a recession is only being held back by tech. Jim Paulsen, a markets strategist with more than 40 yea…",https://www.businessinsider.com/recession-economy-us-tech-wall-street-strategist-investing-stocks-market-2026-3,2026-03-05 19:01:52+00:00,2026-03-05,Neutral,0.0,0
ABC News (AU),"Live: Oil spikes 4pc while Australian dollar tumbles 1pc, ASX to fall","A tumble on Wall Street is likely to send Australian stocks sharply lower, while oil prices surged 4 per cent as the Middle East war enters its sixth day. Follow the latest updates in our live blog.","US stocks extended losses on Thursday afternoon as the Middle East conflict entered its sixth day, pushing oil prices higher and spurring worries about inflation and whether the Federal Reserve will …","Live: Oil spikes 4pc while Australian dollar tumbles 1pc, ASX to fall A tumble on Wall Street is likely to send Australian stocks sharply lower, while oil prices surged 4 per cent as the Middle East war enters its sixth day. Follow the latest updates in our live blog. US stocks extended losses on Thursday afternoon as the Middle East conflict entered its sixth day, pushing oil prices higher and spurring worries about inflation and whether the Federal Reserve will …",https://www.abc.net.au/news/2026-03-06/asx-markets-business-live-news-march06-2026/106422840,2026-03-05 20:42:15+00:00,2026-03-05,Neutral,0.0,0
Yahoo Entertainment,US regulators say banks won't face extra capital charges on tokenized securities,U.S. banking regulators clarified on Thursday that banks should ‌not have to hold additional capital against losses when ‌dealing with blockchain-based...,"By Pete Schroeder and Hannah Lang WASHINGTON, March 5 (Reuters) - U.S. banking regulators clarified on Thursday that banks should not have to hold additional capital against losses when dealing with…","US regulators say banks won't face extra capital charges on tokenized securities U.S. banking regulators clarified on Thursday that banks should ‌not have to hold additional capital against losses when ‌dealing with blockchain-based... By Pete Schroeder and Hannah Lang WASHINGTON, March 5 (Reuters) - U.S. banking regulators clarified on Thursday that banks should not have to hold additional capital against losses when dealing with…",https://finance.yahoo.com/news/us-regulators-banks-wont-face-205750992.html,2026-03-05 20:57:50+00:00,2026-03-05,Neutral,0.0,0
Yahoo Entertainment,"Stock market today: Dow plummets, S&P 500 and Nasdaq fall as oil surges to highest levels since 2024","Wall Street is in a downward pattern after days of volatility. Markets have been buffeted by developments in the conflict in Iran, now entering it's sixth...","Data released by the Labor Department showed that 213,000 people filed initial jobless claims in the week ended Feb. 28. The count of claims, steady from the previous week's revised level, was below…","Stock market today: Dow plummets, S&P 500 and Nasdaq fall as oil surges to highest levels since 2024 Wall Street is in a downward pattern after days of volatility. Markets have been buffeted by developments in the conflict in Iran, now entering it's sixth... Data released by the Labor Department showed that 213,000 people filed initial jobless claims in the week ended Feb. 28. The count of claims, steady from the previous week's revised level, was below…",https://finance.yahoo.com/news/live/stock-market-today-dow-plummets-sp-500-and-nasdaq-fall-as-oil-surges-to-highest-levels-since-2024-210455382.html,2026-03-05 21:04:55+00:00,2026-03-04,Neutral,0.0,0
CoinDesk,U.S. banking agencies say capital should be same for standard or tokenized securities,The Federal Reserve and other banking regulators clarified that the capital tally in banks needs identical treatment whether securities are tokenized or not.,"The U.S. Federal Reserve and other regulators told bankers that they need to maintain the same amount of capital to back tokenized securities as they do regulator securities. ""The technologies used …","U.S. banking agencies say capital should be same for standard or tokenized securities The Federal Reserve and other banking regulators clarified that the capital tally in banks needs identical treatment whether securities are tokenized or not. The U.S. Federal Reserve and other regulators told bankers that they need to maintain the same amount of capital to back tokenized securities as they do regulator securities. ""The technologies used …",https://www.coindesk.com/policy/2026/03/05/u-s-banking-agencies-say-capital-should-be-same-for-standard-or-tokenized-securities,2026-03-05 21:47:16+00:00,2026-03-05,Neutral,0.0,0
CoinDesk,Bitcoin and stocks stabilize after early-week slide. The bond market isn’t convinced.,Risk assets recover from oil-driven selloff as rising yields pressure Fed rate-cut bets.,"Bitcoin BTC $70,784.71 and global equity markets have stabilized after an early-week sell-off and oil price spike that was triggered by the outbreak of military conflict between the U.S., Israel, an…","Bitcoin and stocks stabilize after early-week slide. The bond market isn’t convinced. Risk assets recover from oil-driven selloff as rising yields pressure Fed rate-cut bets. Bitcoin BTC $70,784.71 and global equity markets have stabilized after an early-week sell-off and oil price spike that was triggered by the outbreak of military conflict between the U.S., Israel, an…",https://www.coindesk.com/markets/2026/03/06/bitcoin-and-stocks-stabilize-after-early-week-slide-the-bond-market-isn-t-convinced,2026-03-06 05:35:09+00:00,2026-03-06,Neutral,0.0,0
Yahoo Entertainment,"Oil surges to its highest price since 2023, and stocks drop after a weak update on the US job market","Oil shot to its highest price since 2023 after surging again Friday because of the Iran war, and a weak update on the U.S. job market knocked stocks lower to...","NEW YORK (AP) Oil shot to its highest price since 2023 after surging again Friday because of the Iran war, and a weak update on the U.S. job market knocked stocks lower to cap Wall Streets worst week…","Oil surges to its highest price since 2023, and stocks drop after a weak update on the US job market Oil shot to its highest price since 2023 after surging again Friday because of the Iran war, and a weak update on the U.S. job market knocked stocks lower to... NEW YORK (AP) Oil shot to its highest price since 2023 after surging again Friday because of the Iran war, and a weak update on the U.S. job market knocked stocks lower to cap Wall Streets worst week…",https://finance.yahoo.com/news/asia-shares-mixed-following-wall-054143125.html,2026-03-06 05:41:43+00:00,2026-03-06,Neutral,0.0,0
The Times of India,"Markets still digesting West Asia shock; domestic sectors offer relative comfort, says Dharmesh Kant","Market experts advise caution despite a brief equity rebound, citing ongoing global uncertainties and geopolitical tensions. Analysts believe the market has not fully absorbed the impact of recent events, with potential for prolonged volatility and supply-dri…","Despite a brief rebound in equities, market experts believe investors should remain cautious as global uncertainties continue to weigh on sentiment. The recent uptick in markets may have offered some…","Markets still digesting West Asia shock; domestic sectors offer relative comfort, says Dharmesh Kant Market experts advise caution despite a brief equity rebound, citing ongoing global uncertainties and geopolitical tensions. Analysts believe the market has not fully absorbed the impact of recent events, with potential for prolonged volatility and supply-dri… Despite a brief rebound in equities, market experts believe investors should remain cautious as global uncertainties continue to weigh on sentiment. The recent uptick in markets may have offered some…",https://economictimes.indiatimes.com/markets/expert-view/markets-still-digesting-west-asia-shock-domestic-sectors-offer-relative-comfort-says-dharmesh-kant/articleshow/129135983.cms,2026-03-06 06:00:59+00:00,2026-03-06,Neutral,0.0,0
CoinDesk,"Bitcoin drops toward $70,000 ahead of U.S. jobs data; oil price rises on Iran war",Investors are turning more defensive as geopolitical tensions rise and key U.S. labor market data approaches.,"Bitcoin is on the cusp of falling below $70,000 for the first time since Wednesday, after climbing as high as $74,000 earlier this week. The decline reflects a broader risk-off shift in markets as …","Bitcoin drops toward $70,000 ahead of U.S. jobs data; oil price rises on Iran war Investors are turning more defensive as geopolitical tensions rise and key U.S. labor market data approaches. Bitcoin is on the cusp of falling below $70,000 for the first time since Wednesday, after climbing as high as $74,000 earlier this week. The decline reflects a broader risk-off shift in markets as …",https://www.coindesk.com/markets/2026/03/06/bitcoin-drops-toward-usd70-000-ahead-of-u-s-jobs-data-oil-price-rises-on-iran-war,2026-03-06 10:29:11+00:00,2026-03-06,Neutral,0.0,0
Business Insider,Jobs report updates: What to expect after last month's surprisingly robust job surge,"The Bureau of Labor Statistics will release its jobs report revealing February's job growth, after a job surge the prior month that beat expectations.","Matt Rourke/AP It's jobs Friday, and we're about to learn if the labor market's ""deep freeze"" continued to thaw in February.Economists expect the US added 55,000 jobs and the unemployment rate held …","Jobs report updates: What to expect after last month's surprisingly robust job surge The Bureau of Labor Statistics will release its jobs report revealing February's job growth, after a job surge the prior month that beat expectations. Matt Rourke/AP It's jobs Friday, and we're about to learn if the labor market's ""deep freeze"" continued to thaw in February.Economists expect the US added 55,000 jobs and the unemployment rate held …",https://www.businessinsider.com/jobs-report-february-data-live-updates-2026-3,2026-03-06 11:30:59+00:00,2026-03-06,Neutral,0.0,0
CoinDesk,"U.S. unexpectedly lost 92,000 jobs in February, unemployment rate rose to 4.4%",Bitcoin remained under pressure even as the data likely puts back in play the chances of Fed rate cuts in the first half of 2026.,"The U.S. job market weakened appreciably in February, possibly putting back in play the chance of Federal Reserve rate cuts in the first half of 2026. The country loss 92,000 jobs last month, accord…","U.S. unexpectedly lost 92,000 jobs in February, unemployment rate rose to 4.4% Bitcoin remained under pressure even as the data likely puts back in play the chances of Fed rate cuts in the first half of 2026. The U.S. job market weakened appreciably in February, possibly putting back in play the chance of Federal Reserve rate cuts in the first half of 2026. The country loss 92,000 jobs last month, accord…",https://www.coindesk.com/markets/2026/03/06/u-s-lost-92-000-jobs-in-february-unemployment-rate-rose-to-4-2,2026-03-06 13:33:54+00:00,2026-03-06,Neutral,0.0,0
Yahoo Entertainment,"Stock market today: Dow, S&P 500, Nasdaq futures plummet after jobs report surprise as oil jumps",,"If you click 'Accept all', we and our partners, including 246 who are part of the IAB Transparency &amp; Consent Framework, will also store and / or access information on a device (in other words, us…","Stock market today: Dow, S&P 500, Nasdaq futures plummet after jobs report surprise as oil jumps If you click 'Accept all', we and our partners, including 246 who are part of the IAB Transparency &amp; Consent Framework, will also store and / or access information on a device (in other words, us…",https://consent.yahoo.com/v2/collectConsent?sessionId=1_cc-session_cbefa5f8-8a4e-46ac-9bcf-4207b88c0833,2026-03-06 14:17:04+00:00,2026-03-06,Neutral,0.0,0
CBS News,"Stocks resume slide, as Dow drops nearly 700 points in early trading","Stocks dropped after new government data showed U.S. employers shed 92,000 jobs in February and as investors fret over oil prices.",Stocks opened sharply lower on Friday after new government data pointed to a weakening U.S. labor market and as concerns mount about the impact of the Iran war on the U.S. economy. The S&amp;P 500 …,"Stocks resume slide, as Dow drops nearly 700 points in early trading Stocks dropped after new government data showed U.S. employers shed 92,000 jobs in February and as investors fret over oil prices. Stocks opened sharply lower on Friday after new government data pointed to a weakening U.S. labor market and as concerns mount about the impact of the Iran war on the U.S. economy. The S&amp;P 500 …",https://www.cbsnews.com/news/stock-market-today-dow-jones-slide/,2026-03-06 15:33:15+00:00,2026-03-06,Neutral,0.0,0
Jezebel,It's Officially Time to Worry About Trump's Economy,"We are now staring down the stagflationary barrel while the threat of recession rises. The jobs market is bad to mediocre, and Trump and Israel’s war with Iran has guaranteed us more inflation thanks to the oil shock.","Today is jobs report day, one of the most important financial days of the month, and the figures released by the Bureau of Labor Statistics (BLS) paint an increasingly dire picture of the American ec…","It's Officially Time to Worry About Trump's Economy We are now staring down the stagflationary barrel while the threat of recession rises. The jobs market is bad to mediocre, and Trump and Israel’s war with Iran has guaranteed us more inflation thanks to the oil shock. Today is jobs report day, one of the most important financial days of the month, and the figures released by the Bureau of Labor Statistics (BLS) paint an increasingly dire picture of the American ec…",https://www.jezebel.com/its-officially-time-to-worry-about-trumps-economy,2026-03-06 15:55:05+00:00,2026-03-06,Neutral,0.0,0
Abcnews.com,Dow drops 650 points as Iran war sends oil prices surging,U.S. crude oil prices soared 9% on Friday.,"The Dow Jones Industrial Average plummeted more than 650 points in early trading on Friday as the Iran war continued to spike oil prices. The Dow fell 657 points, or 1.3%, while the S&amp;P 500 drop…","Dow drops 650 points as Iran war sends oil prices surging U.S. crude oil prices soared 9% on Friday. The Dow Jones Industrial Average plummeted more than 650 points in early trading on Friday as the Iran war continued to spike oil prices. The Dow fell 657 points, or 1.3%, while the S&amp;P 500 drop…",https://abcnews.com/Business/dow-drops-650-points-iran-war-sends-oil/story?id=130824337,2026-03-06 16:00:38+00:00,2026-03-06,Neutral,0.0,0
Yahoo Entertainment,Stocks Retreat Amid Inflation Fears and Weak US Jobs,,"If you click 'Accept all', we and our partners, including 246 who are part of the IAB Transparency &amp; Consent Framework, will also store and / or access information on a device (in other words, us…","Stocks Retreat Amid Inflation Fears and Weak US Jobs If you click 'Accept all', we and our partners, including 246 who are part of the IAB Transparency &amp; Consent Framework, will also store and / or access information on a device (in other words, us…",https://consent.yahoo.com/v2/collectConsent?sessionId=1_cc-session_6615a109-156e-4692-b3b1-0fffa44ae98b,2026-03-06 16:18:51+00:00,2026-03-06,Neutral,0.0,0
Al Jazeera English,"US job market stalls, unemployment rate rises before Fed decision","The healthcare sector was hit the hardest , while tariff-exposed sectors remained stagnant .","The United States economy unexpectedly lost 92,000 jobs in February, and the unemployment rate ticked up to 4.4 percent, marking the sixth contraction of the US job market of the Trump administration…","US job market stalls, unemployment rate rises before Fed decision The healthcare sector was hit the hardest , while tariff-exposed sectors remained stagnant . The United States economy unexpectedly lost 92,000 jobs in February, and the unemployment rate ticked up to 4.4 percent, marking the sixth contraction of the US job market of the Trump administration…",https://www.aljazeera.com/economy/2026/3/6/us-job-market-stalls-unemployment-rate-rises-before-fed-decision,2026-03-06 17:11:16+00:00,2026-03-06,Neutral,0.0,0
Cointelegraph,Kraken launches xChange engine to power tokenized stock trading,"Kraken’s xStocks platform has launched xChange, an onchain trading engine for tokenized equities, as exchanges race to build infrastructure for blockchain-based stock markets.","Krakens tokenized equities platform xStocks has launched xChange, an onchain trading engine designed to facilitate trading of tokenized stocks across the Ethereum and Solana networks. According to t…","Kraken launches xChange engine to power tokenized stock trading Kraken’s xStocks platform has launched xChange, an onchain trading engine for tokenized equities, as exchanges race to build infrastructure for blockchain-based stock markets. Krakens tokenized equities platform xStocks has launched xChange, an onchain trading engine designed to facilitate trading of tokenized stocks across the Ethereum and Solana networks. According to t…",https://cointelegraph.com/news/kraken-xstocks-platform-xchange-engine-tokenized-stock-trading,2026-03-06 17:15:37+00:00,2026-03-06,Neutral,0.0,0
NPR,"Oil surges to its highest price since 2023, and stocks drop after U.S. jobs report",Stocks fell Friday on worries that the economy could become stuck in a worst-case scenario of stagnating growth and high inflation. Oil prices touched their highest levels since 2023 after surging again because of the Iran war.,"NEW YORK Oil prices touched their highest levels since 2023 after surging again Friday because of the Iran war, while a weak update on the U.S. job market highlighted the economy's precarious positio…","Oil surges to its highest price since 2023, and stocks drop after U.S. jobs report Stocks fell Friday on worries that the economy could become stuck in a worst-case scenario of stagnating growth and high inflation. Oil prices touched their highest levels since 2023 after surging again because of the Iran war. NEW YORK Oil prices touched their highest levels since 2023 after surging again Friday because of the Iran war, while a weak update on the U.S. job market highlighted the economy's precarious positio…",https://www.npr.org/2026/03/06/g-s1-112788/oil-prices-stocks-jobs-report,2026-03-06 20:17:20+00:00,2026-03-06,Neutral,0.0,0
CNA,"Oil prices surge as Mideast war rages, stocks fall on US jobs","Crude prices surged Friday (Mar 6) on mounting fears about oil supply disruption amid the Middle East war, while equities retreated on poor US hiring data.The US-Israel war on","Trump's pledge helped ""reduce some of the risk premium in oil markets,"" but will have ""limited impact unless Iran's extensive disruption capabilities are first neutralized,"" said a note from analysts…","Oil prices surge as Mideast war rages, stocks fall on US jobs Crude prices surged Friday (Mar 6) on mounting fears about oil supply disruption amid the Middle East war, while equities retreated on poor US hiring data.The US-Israel war on Trump's pledge helped ""reduce some of the risk premium in oil markets,"" but will have ""limited impact unless Iran's extensive disruption capabilities are first neutralized,"" said a note from analysts…",https://www.channelnewsasia.com/world/oil-prices-surge-mideast-war-rages-stocks-fall-us-jobs-5977921,2026-03-06 21:45:37+00:00,2026-03-06,Neutral,0.0,0
TheStreet,It's not just rising oil prices you'll have to worry about if Iran conflict continues,"U.S. oil prices have head for the hills since teeing off a fresh conflict in Iran last weekend, spurring one of the largest one-week increases in domestic...","U.S. oil prices have head for the hills since teeing off a fresh conflict in Iran last weekend, spurring one of the largest one-week increases in domestic oil prices ever. With the market week drawi…","It's not just rising oil prices you'll have to worry about if Iran conflict continues U.S. oil prices have head for the hills since teeing off a fresh conflict in Iran last weekend, spurring one of the largest one-week increases in domestic... U.S. oil prices have head for the hills since teeing off a fresh conflict in Iran last weekend, spurring one of the largest one-week increases in domestic oil prices ever. With the market week drawi…",https://www.thestreet.com/markets/its-not-just-rising-oil-prices-youll-have-to-worry-about-if-iran-conflict-continues,2026-03-06 23:17:17+00:00,2026-03-06,Neutral,0.0,0
Al Jazeera English,Iran war is latest threat to a global economy rattled by Trump,Rising energy prices threaten to stoke inflation and hobble economic growth in countries around the world.,"As the United States and Israels war on Iran unfolds over the coming days and weeks, the scale of the fallout for the global economy will be measured at the petrol pump. The biggest threat the confl…","Iran war is latest threat to a global economy rattled by Trump Rising energy prices threaten to stoke inflation and hobble economic growth in countries around the world. As the United States and Israels war on Iran unfolds over the coming days and weeks, the scale of the fallout for the global economy will be measured at the petrol pump. The biggest threat the confl…",https://www.aljazeera.com/economy/2026/3/7/iran-war-is-latest-threat-to-a-global-economy-rattled-by-trump,2026-03-07 00:27:18+00:00,2026-03-07,Neutral,0.0,0
The Times of India,"US stocks close down, post worst week in nearly a year as oil spikes 12%","Wall Street’s major indexes fell on Friday as weak US jobs data and a sharp rise in oil prices heightened concerns about the economic outlook. The Dow Jones dropped 0.95%, the S&P 500 fell 1.33%, and the Nasdaq declined 1.59%, with the Dow posting its steepes…",Wall Street's three main indexes closed down on Friday amid a sudden setback in the U.S. labor market and a 12% spike in U.S. oil prices due to the escalating conflict in the Middle East.A disappoint…,"US stocks close down, post worst week in nearly a year as oil spikes 12% Wall Street’s major indexes fell on Friday as weak US jobs data and a sharp rise in oil prices heightened concerns about the economic outlook. The Dow Jones dropped 0.95%, the S&P 500 fell 1.33%, and the Nasdaq declined 1.59%, with the Dow posting its steepes… Wall Street's three main indexes closed down on Friday amid a sudden setback in the U.S. labor market and a 12% spike in U.S. oil prices due to the escalating conflict in the Middle East.A disappoint…",https://economictimes.indiatimes.com/markets/us-stocks/news/us-stocks-close-down-post-worst-week-in-nearly-a-year-as-oil-spikes-12/articleshow/129188584.cms,2026-03-07 01:30:46+00:00,2026-03-07,Neutral,0.0,0
The Times of India,US Stock Market | Wall St Week Ahead-Middle East developments set to sway US stocks as inflation data adds wrinkle,"Markets are closely watching the escalating Middle East conflict and its potential impact on energy supplies and inflation. Investors are grappling with uncertainty, as oil prices have surged, impacting asset volatility. Upcoming inflation data will be crucia…","Investors will seek signs in the coming week of how sprawling the war in the Middle East will become and how much it will disrupt energy supplies, as they chew over fresh inflation data.A U.S.-Israel…","US Stock Market | Wall St Week Ahead-Middle East developments set to sway US stocks as inflation data adds wrinkle Markets are closely watching the escalating Middle East conflict and its potential impact on energy supplies and inflation. Investors are grappling with uncertainty, as oil prices have surged, impacting asset volatility. Upcoming inflation data will be crucia… Investors will seek signs in the coming week of how sprawling the war in the Middle East will become and how much it will disrupt energy supplies, as they chew over fresh inflation data.A U.S.-Israel…",https://economictimes.indiatimes.com/markets/us-stocks/news/us-stock-market-wall-st-week-ahead-middle-east-developments-set-to-sway-us-stocks-as-inflation-data-adds-wrinkle/articleshow/129193873.cms,2026-03-07 03:59:47+00:00,2026-03-07,Neutral,0.0,0
Hurriyet Daily News,Oil prices surge as Mideast war rages,"Crude prices surged Friday on mounting fears about oil supply disruption during the Middle East war, while equities retreated on poor U.S. hiring data.","NEW YORK Workers load fuel tankers onto transport trucks at a fuel distribution center near Burgos, northern Spain, on March 5, 2026. Crude prices surged Friday on mounting fears about oil supply d…","Oil prices surge as Mideast war rages Crude prices surged Friday on mounting fears about oil supply disruption during the Middle East war, while equities retreated on poor U.S. hiring data. NEW YORK Workers load fuel tankers onto transport trucks at a fuel distribution center near Burgos, northern Spain, on March 5, 2026. Crude prices surged Friday on mounting fears about oil supply d…",https://www.hurriyetdailynews.com/oil-prices-surge-as-mideast-war-rages-219685,2026-03-07 07:29:10+00:00,2026-03-07,Neutral,0.0,0
Business Insider,Forget stagflation. One economist says inflation is set to crater even as oil prices surge.,Top economist David Rosenberg thinks the hit to demand from high oil prices will outweigh any inflationary shock over the long run.,"Stagflation talk is picking up on Wall Street again, but one top economist says it isn't in the cards. Unfortunately, that's because he sees the economy slowing to the point where inflation craters. …","Forget stagflation. One economist says inflation is set to crater even as oil prices surge. Top economist David Rosenberg thinks the hit to demand from high oil prices will outweigh any inflationary shock over the long run. Stagflation talk is picking up on Wall Street again, but one top economist says it isn't in the cards. Unfortunately, that's because he sees the economy slowing to the point where inflation craters. …",https://www.businessinsider.com/inflation-outlook-oil-prices-shock-brent-wti-us-economy-2026-3,2026-03-07 10:30:01+00:00,2026-03-07,Neutral,0.0,0
24/7 Wall St.,GLD’s $75 Billion Couldn’t Shield It From the Tariff-Driven Selloff,Gold spent most of 2025 and early 2026 acting like the one asset that couldn’t be rattled. Then tariff escalation shook the foundation. The SPDR Gold Trust (...,"<ul><li>SPDR Gold Trust (GLD) fell 2.43% over the past week despite a 19.1% YTD gain and 75.96% return over the past year, with $174.1B in net assets. </li><li>Tariff escalation and real interest ra…","GLD’s $75 Billion Couldn’t Shield It From the Tariff-Driven Selloff Gold spent most of 2025 and early 2026 acting like the one asset that couldn’t be rattled. Then tariff escalation shook the foundation. The SPDR Gold Trust (... <ul><li>SPDR Gold Trust (GLD) fell 2.43% over the past week despite a 19.1% YTD gain and 75.96% return over the past year, with $174.1B in net assets. </li><li>Tariff escalation and real interest ra…",https://247wallst.com/investing/2026/03/07/glds-75-billion-couldnt-shield-it-from-the-tariff-driven-selloff/,2026-03-07 13:07:45+00:00,2026-03-07,Neutral,0.0,0
BusinessLine,Wall St Week Ahead-Middle East developments set to sway US stocks as inflation data adds wrinkle,"U.S. stocks swung sharply following the Middle East escalation, leaving the benchmark S&P 500 down 2% for the week","Investors will seek signs in the coming week of how sprawling the war in the Middle East will become and how much it will disrupt energy supplies, as they chew over fresh inflation data. A U.S.-I…","Wall St Week Ahead-Middle East developments set to sway US stocks as inflation data adds wrinkle U.S. stocks swung sharply following the Middle East escalation, leaving the benchmark S&P 500 down 2% for the week Investors will seek signs in the coming week of how sprawling the war in the Middle East will become and how much it will disrupt energy supplies, as they chew over fresh inflation data. A U.S.-I…",https://www.thehindubusinessline.com/portfolio/technical-analysis/wall-st-week-ahead-middle-east-developments-set-to-sway-us-stocks-as-inflation-data-adds-wrinkle/article70716380.ece,2026-03-07 14:53:09+00:00,2026-03-07,Neutral,0.0,0
CoinDesk,Top Wall Street minds see AI rotation ahead as bitcoin seeks role in new cycle,"BlackRock’s Rick Rieder, UBS’s Ulrike Hoffmann-Burchardi and Third Point’s Daniel Loeb see steady economic growth but a tougher market environment.","BlackRocks Rick Rieder, UBSs Ulrike Hoffmann-Burchardi, and hedge fund manager Daniel Loeb see a 2026 economy that may keep growing even as the markets center of gravity shifts. The broad message fro…","Top Wall Street minds see AI rotation ahead as bitcoin seeks role in new cycle BlackRock’s Rick Rieder, UBS’s Ulrike Hoffmann-Burchardi and Third Point’s Daniel Loeb see steady economic growth but a tougher market environment. BlackRocks Rick Rieder, UBSs Ulrike Hoffmann-Burchardi, and hedge fund manager Daniel Loeb see a 2026 economy that may keep growing even as the markets center of gravity shifts. The broad message fro…",https://www.coindesk.com/markets/2026/03/07/top-wall-street-minds-see-ai-rotation-ahead-as-bitcoin-seeks-role-in-new-cycle,2026-03-07 17:00:00+00:00,2026-03-07,Neutral,0.0,0
BusinessLine,"Dow Jones, S&P 500, Nasdaq, KOSPI, Nifty 50: How the indices fared during major wars and why it’s different this time","Not all wars are the same and at this juncture, nobody knows how the ongoing US-Iran war will play out. That said, can investors take cues from past wars and take portfolio decisions? We say, “No, Context matters.” For many reasons, this war needs to be viewe…","Well over $2.5 trillion in investor wealth has been wiped out over the past week if one considers the major global equity indices alone. Wars are destructive, yet some pundits might sell the case tod…","Dow Jones, S&P 500, Nasdaq, KOSPI, Nifty 50: How the indices fared during major wars and why it’s different this time Not all wars are the same and at this juncture, nobody knows how the ongoing US-Iran war will play out. That said, can investors take cues from past wars and take portfolio decisions? We say, “No, Context matters.” For many reasons, this war needs to be viewe… Well over $2.5 trillion in investor wealth has been wiped out over the past week if one considers the major global equity indices alone. Wars are destructive, yet some pundits might sell the case tod…",https://www.thehindubusinessline.com/portfolio/personal-finance/dow-jones-sampp-500-nasdaq-kospi-nifty-50-how-the-indices-fared-during-major-wars-and-why-its-different-this-time/article70716521.ece,2026-03-07 18:33:09+00:00,2026-03-07,Neutral,0.0,0
CoinDesk,The Multibillion-dollar shift turning prediction markets into a professional hedging tool,"Traders are moving beyond sports bets and elections to price ""unpriceable"" geopolitical and policy risks that standard financial tools can’t handle.","The dominant narrative around prediction markets still centers on elections and sports. Sports account for the majority of volume at major venues, and election contracts are what put the category on …","The Multibillion-dollar shift turning prediction markets into a professional hedging tool Traders are moving beyond sports bets and elections to price ""unpriceable"" geopolitical and policy risks that standard financial tools can’t handle. The dominant narrative around prediction markets still centers on elections and sports. Sports account for the majority of volume at major venues, and election contracts are what put the category on …",https://www.coindesk.com/opinion/2026/03/07/the-multibillion-dollar-shift-turning-prediction-markets-into-a-professional-hedging-tool,2026-03-07 19:01:00+00:00,2026-03-07,Neutral,0.0,0
Livemint,Clive Crook: Just how resilient is the US economy? The Iran war could turn out to be a test,"Inflation risk, tariff turmoil and a brazen fiscal overstretch were already testing the US economy. The fallout of the Iran war now adds uncertainty that could push an indebted America to an economic reckoning should hostilities refuse to follow its script.","The near danger is a setback in financial markets that gets out of hand. In many ways, some such reversal was already overdue, given the apparent overvaluation of US equities, the weight placed by ta…","Clive Crook: Just how resilient is the US economy? The Iran war could turn out to be a test Inflation risk, tariff turmoil and a brazen fiscal overstretch were already testing the US economy. The fallout of the Iran war now adds uncertainty that could push an indebted America to an economic reckoning should hostilities refuse to follow its script. The near danger is a setback in financial markets that gets out of hand. In many ways, some such reversal was already overdue, given the apparent overvaluation of US equities, the weight placed by ta…",https://www.livemint.com/opinion/online-views/clive-crook-us-economy-resilience-iran-war-inflation-tariffs-fiscal-public-debt-trump-11772867467196.html,2026-03-08 10:21:06+00:00,2026-03-07,Neutral,0.0,0
Business Insider,I'm a millionaire living in Washington. I'm happy to pay more in taxes — it helps everybody.,"Victoria Hattersley, a Washington millionaire, says she's happy to pay more in taxes as part of her state's proposed millionaire tax.","Washington proposed a tax on millionaires, and millionaire Victoria Hattersley supports it.Courtesy of Victoria Hattersley. <ul><li>Victoria Hattersley is a retired millionaire who supports her stat…","I'm a millionaire living in Washington. I'm happy to pay more in taxes — it helps everybody. Victoria Hattersley, a Washington millionaire, says she's happy to pay more in taxes as part of her state's proposed millionaire tax. Washington proposed a tax on millionaires, and millionaire Victoria Hattersley supports it.Courtesy of Victoria Hattersley. <ul><li>Victoria Hattersley is a retired millionaire who supports her stat…",https://www.businessinsider.com/washington-millionaire-tax-wealthy-support-paying-more-2026-3,2026-03-08 11:50:01+00:00,2026-03-08,Neutral,0.0,0
CoinDesk,Oil leaving Middle East trades over $100 a barrel. Here’s how it could affect bitcoin,"Murban crude, a key benchmark for barrels that can bypass the Strait of Hormuz, now trades at $103 per barrel.","Oil barrels that can still reliably reach global markets via the Middle East are now trading above $100 a barrel, a stark market signal of acute geopolitical stress and supply fears that could ripple…","Oil leaving Middle East trades over $100 a barrel. Here’s how it could affect bitcoin Murban crude, a key benchmark for barrels that can bypass the Strait of Hormuz, now trades at $103 per barrel. Oil barrels that can still reliably reach global markets via the Middle East are now trading above $100 a barrel, a stark market signal of acute geopolitical stress and supply fears that could ripple…",https://www.coindesk.com/markets/2026/03/08/some-middle-east-oil-is-now-over-usd100-a-barrel-here-s-how-it-could-affect-bitcoin,2026-03-08 13:41:06+00:00,2026-03-07,Neutral,0.0,0
Fortune,"Trump said the ‘economy is roaring’ but the job market has evaporated, soaring gas prices could boost inflation, and stocks have plunged","The latest batch of data on jobs, pump prices and the stock market suggests that Trump's roar has started to sound far more like a whimper.","President Donald Trump promised that 2026 would be a bumper year for economic growth, but instead it has kicked off with job losses, rising gasoline prices and more uncertainty about Americas future.…","Trump said the ‘economy is roaring’ but the job market has evaporated, soaring gas prices could boost inflation, and stocks have plunged The latest batch of data on jobs, pump prices and the stock market suggests that Trump's roar has started to sound far more like a whimper. President Donald Trump promised that 2026 would be a bumper year for economic growth, but instead it has kicked off with job losses, rising gasoline prices and more uncertainty about Americas future.…",https://fortune.com/2026/03/08/trump-economy-job-market-gas-prices-inflation-stock-market-selloff/,2026-03-08 15:03:28+00:00,2026-03-07,Neutral,0.0,0
Yahoo Entertainment,Molson Coors Beverage Company (TAP) Expects a Significant Dip in 2026 Profit,"Molson Coors Beverage Company (NYSE:TAP) is among the 12 Best Alcohol Stocks to Buy Right Now. On February 19, 2026, Reuters reported that Molson Coors...","Molson Coors Beverage Company (NYSE:TAP) is among the 12 Best Alcohol Stocks to Buy Right Now. Molson Coors Beverage Company (TAP) Expects a Significant Dip in 2026 Profit On February 19, 2026, Reu…","Molson Coors Beverage Company (TAP) Expects a Significant Dip in 2026 Profit Molson Coors Beverage Company (NYSE:TAP) is among the 12 Best Alcohol Stocks to Buy Right Now. On February 19, 2026, Reuters reported that Molson Coors... Molson Coors Beverage Company (NYSE:TAP) is among the 12 Best Alcohol Stocks to Buy Right Now. Molson Coors Beverage Company (TAP) Expects a Significant Dip in 2026 Profit On February 19, 2026, Reu…",https://finance.yahoo.com/news/molson-coors-beverage-company-tap-152216335.html,2026-03-08 15:22:16+00:00,2026-03-08,Neutral,0.0,0
Yahoo Entertainment,Keybanc Lifts WEC Energy Group (WEC) Price Target by $9,"WEC Energy Group, Inc. (NYSE:WEC) is one of the 10 best stocks to invest in during a recession. On March 4, 2027, KeyBanc analyst Sophie Karp raised the...","WEC Energy Group, Inc. (NYSE:WEC) is one of the 10 best stocks to invest in during a recession. Keybanc Lifts WEC Energy Group (WEC) Price Target by $9 On March 4, 2027, KeyBanc analyst Sophie Karp…","Keybanc Lifts WEC Energy Group (WEC) Price Target by $9 WEC Energy Group, Inc. (NYSE:WEC) is one of the 10 best stocks to invest in during a recession. On March 4, 2027, KeyBanc analyst Sophie Karp raised the... WEC Energy Group, Inc. (NYSE:WEC) is one of the 10 best stocks to invest in during a recession. Keybanc Lifts WEC Energy Group (WEC) Price Target by $9 On March 4, 2027, KeyBanc analyst Sophie Karp…",https://finance.yahoo.com/news/keybanc-lifts-wec-energy-group-153441838.html,2026-03-08 15:34:41+00:00,2026-03-07,Neutral,0.0,0
Yahoo Entertainment,Citi Maintains Neutral Rating on Costco Wholesale Corporation (COST) with $1000 Target,"Costco Wholesale Corporation (NASDAQ:COST) is one of the 10 best stocks to invest in during a recession. On February 27, 2026, Costco Wholesale Corporation (...",Costco Wholesale Corporation (NASDAQ:COST) is one of the 10 best stocks to invest in during a recession. Citi Maintains Neutral Rating on Costco Wholesale Corporation (COST) with $1000 Target On Fe…,"Citi Maintains Neutral Rating on Costco Wholesale Corporation (COST) with $1000 Target Costco Wholesale Corporation (NASDAQ:COST) is one of the 10 best stocks to invest in during a recession. On February 27, 2026, Costco Wholesale Corporation (... Costco Wholesale Corporation (NASDAQ:COST) is one of the 10 best stocks to invest in during a recession. Citi Maintains Neutral Rating on Costco Wholesale Corporation (COST) with $1000 Target On Fe…",https://finance.yahoo.com/news/citi-maintains-neutral-rating-costco-165022588.html,2026-03-08 16:50:22+00:00,2026-03-07,Neutral,0.0,0
Yahoo Entertainment,"Citi Maintainins Buy on The Procter & Gamble Company (PG), With $181 Target","The Procter & Gamble Company (NYSE:PG) is one of the 10 best stocks to invest in during a recession. On February 27, 2026, a Citi analyst maintained a Buy...","The Procter &amp; Gamble Company (NYSE:PG) is one of the 10 best stocks to invest in during a recession. Citi Maintainins Buy on The Procter &amp; Gamble Company (PG), With $181 Target On February …","Citi Maintainins Buy on The Procter & Gamble Company (PG), With $181 Target The Procter & Gamble Company (NYSE:PG) is one of the 10 best stocks to invest in during a recession. On February 27, 2026, a Citi analyst maintained a Buy... The Procter &amp; Gamble Company (NYSE:PG) is one of the 10 best stocks to invest in during a recession. Citi Maintainins Buy on The Procter &amp; Gamble Company (PG), With $181 Target On February …",https://finance.yahoo.com/news/citi-maintainins-buy-procter-gamble-165027953.html,2026-03-08 16:50:27+00:00,2026-03-07,Neutral,0.0,0
ABC News (AU),"Live: Wall St sinks on war, oil and jobs fears, and ASX poised for sharp sell-off","With surging oil prices and weak US jobs figures sending Wall Street lower, the ASX is bracing for a brutal session today. Follow the day's events and insights from our business reporters on the ABC News live markets blog.",The US Department of War may well be conducting Operation Epic Fury but on Wall Street it looks more like Operation Epic Flurry as risky assets continued to be tossed aside in a swirling mass of fear…,"Live: Wall St sinks on war, oil and jobs fears, and ASX poised for sharp sell-off With surging oil prices and weak US jobs figures sending Wall Street lower, the ASX is bracing for a brutal session today. Follow the day's events and insights from our business reporters on the ABC News live markets blog. The US Department of War may well be conducting Operation Epic Fury but on Wall Street it looks more like Operation Epic Flurry as risky assets continued to be tossed aside in a swirling mass of fear…",https://www.abc.net.au/news/2026-03-09/asx-markets-business-news-live-updates-march-9/106429652,2026-03-08 19:56:33+00:00,2026-03-08,Neutral,0.0,0
Japan Today,Trump’s ‘roaring’ economy meets a rough start to 2026: What the latest numbers show,"President Donald Trump promised that 2026 would be a bumper year for economic growth, but instead it has kicked off with job losses, rising gasoline prices and more uncertainty about America's future. In his State of the Union address less than two weeks ago,…","President Donald Trump promised that 2026 would be a bumper year for economic growth, but instead it has kicked off with job losses, rising gasoline prices and more uncertainty about America's future…","Trump’s ‘roaring’ economy meets a rough start to 2026: What the latest numbers show President Donald Trump promised that 2026 would be a bumper year for economic growth, but instead it has kicked off with job losses, rising gasoline prices and more uncertainty about America's future. In his State of the Union address less than two weeks ago,… President Donald Trump promised that 2026 would be a bumper year for economic growth, but instead it has kicked off with job losses, rising gasoline prices and more uncertainty about America's future…",https://japantoday.com/category/business/trump%E2%80%99s-%E2%80%98roaring%E2%80%99-economy-meets-a-rough-start-to-2026-what-the-latest-numbers-show,2026-03-08 21:33:28+00:00,2026-03-07,Neutral,0.0,0
Japan Today,Nikkei falls more than 6% as oil soars over $100 a barrel,"Japan’s benchmark Nikkei 225 index plunged more than 6% early Monday after oil prices soared to over $100 a barrel due to disruptions from the war in the Middle East. The Nikkei was down 6.2% at 52,166.92 shortly after trading began. South Korea's Kospi sank…","Japans benchmark Nikkei 225 index plunged more than 6% early Monday after oil prices soared to over $100 a barrel due to disruptions from the war in the Middle East. The Nikkei was down 6.2% at 52,…","Nikkei falls more than 6% as oil soars over $100 a barrel Japan’s benchmark Nikkei 225 index plunged more than 6% early Monday after oil prices soared to over $100 a barrel due to disruptions from the war in the Middle East. The Nikkei was down 6.2% at 52,166.92 shortly after trading began. South Korea's Kospi sank… Japans benchmark Nikkei 225 index plunged more than 6% early Monday after oil prices soared to over $100 a barrel due to disruptions from the war in the Middle East. The Nikkei was down 6.2% at 52,…",https://japantoday.com/category/business/japan%27s-nikkei-225-share-index-falls-more-than-6-as-oil-soars-over-100-a-barrel,2026-03-09 01:19:28+00:00,2026-03-08,Neutral,0.0,0
CoinDesk,"Oil futures surge 20% past $110 as war fears hammer Asian stocks, bitcoin steady near $67K","Nikkei drops more than 6%, and Kospi slides about 8% as traders price supply disruption risk, while prediction markets show strong odds of $120 crude.","Oil futures surged above $110 a barrel Monday as escalating tensions in the Middle East rattled global markets, sending Asian stocks sharply lower, with all of the region's markets opening deep in th…","Oil futures surge 20% past $110 as war fears hammer Asian stocks, bitcoin steady near $67K Nikkei drops more than 6%, and Kospi slides about 8% as traders price supply disruption risk, while prediction markets show strong odds of $120 crude. Oil futures surged above $110 a barrel Monday as escalating tensions in the Middle East rattled global markets, sending Asian stocks sharply lower, with all of the region's markets opening deep in th…",https://www.coindesk.com/markets/2026/03/09/oil-futures-surge-20-past-usd110-as-war-fears-hammer-asian-stocks-bitcoin-steady-near-usd67k,2026-03-09 03:25:40+00:00,2026-03-09,Neutral,0.0,0
CoinDesk,Bitcoin could face deeper downside as odds of U.S. market meltdown rise to 35%,"Veteran strategist Ed Yardeni raised his probability of a stock market crash this year as oil tops $100, the dollar posts its best week in a year, and the Iran conflict expands to Saudi Arabia.","Bitcoin is holding up better than it probably should. The largest cryptocurrency traded at $67,378 on Monday morning, up 1.1% over the past 24 hours and essentially flat on the week, while the world…","Bitcoin could face deeper downside as odds of U.S. market meltdown rise to 35% Veteran strategist Ed Yardeni raised his probability of a stock market crash this year as oil tops $100, the dollar posts its best week in a year, and the Iran conflict expands to Saudi Arabia. Bitcoin is holding up better than it probably should. The largest cryptocurrency traded at $67,378 on Monday morning, up 1.1% over the past 24 hours and essentially flat on the week, while the world…",https://www.coindesk.com/markets/2026/03/09/bitcoin-could-face-deeper-downside-as-odds-of-u-s-market-meltdown-rise-to-35,2026-03-09 05:04:41+00:00,2026-03-09,Neutral,0.0,0
CoinDesk,Bitcoin steadies as limited U.S. exposure to oil shocks calms markets,"Rising oil prices are shaking global markets, but the U.S. is largely insulated and bitcoin seems to be riding the wave alongside Wall Street.","The week-long war between Iran, the U.S., and Israel has pushed oil prices on both sides of the Atlantic past $100 a barrel, threatening to inject inflation into the global economy. Asian markets are…","Bitcoin steadies as limited U.S. exposure to oil shocks calms markets Rising oil prices are shaking global markets, but the U.S. is largely insulated and bitcoin seems to be riding the wave alongside Wall Street. The week-long war between Iran, the U.S., and Israel has pushed oil prices on both sides of the Atlantic past $100 a barrel, threatening to inject inflation into the global economy. Asian markets are…",https://www.coindesk.com/markets/2026/03/09/u-s-isn-t-really-exposed-to-oil-shocks-and-that-might-be-helping-bitcoin,2026-03-09 06:02:27+00:00,2026-03-09,Neutral,0.0,0
Yahoo Entertainment,Oil price tops $100 a barrel as Iran war rattles commodity markets,The price of oil hit its highest level since the outbreak of the war in Ukraine,"Oil prices surged above $100 a barrel on Monday for the first time in four years as the Iran conflict entered its second week, intensifying concerns over disruptions to global energy supplies. Brent…","Oil price tops $100 a barrel as Iran war rattles commodity markets The price of oil hit its highest level since the outbreak of the war in Ukraine Oil prices surged above $100 a barrel on Monday for the first time in four years as the Iran conflict entered its second week, intensifying concerns over disruptions to global energy supplies. Brent…",https://uk.finance.yahoo.com/news/oil-prices-trump-iran-israel-gold-pound-dollar-093225057.html,2026-03-09 09:32:25+00:00,2026-03-09,Neutral,0.0,0
NPR,World shares tumble as Iran war pushes crude prices over $110 a barrel,"World shares tumbled on Monday, with Japan's benchmark Nikkei 225 index plunging more than 5%, after oil prices spiked at nearly $120 a barrel.","BANGKOK World shares tumbled on Monday, with Japan's benchmark Nikkei 225 index plunging more than 5%, after oil prices spiked at nearly $120 a barrel, casting a shadow over economies heavily depende…","World shares tumble as Iran war pushes crude prices over $110 a barrel World shares tumbled on Monday, with Japan's benchmark Nikkei 225 index plunging more than 5%, after oil prices spiked at nearly $120 a barrel. BANGKOK World shares tumbled on Monday, with Japan's benchmark Nikkei 225 index plunging more than 5%, after oil prices spiked at nearly $120 a barrel, casting a shadow over economies heavily depende…",https://www.npr.org/2026/03/09/nx-s1-5742307/world-shares-tumble-iran-war,2026-03-09 09:44:22+00:00,2026-03-09,Neutral,0.0,0
Barchart.com,Stocks Fall as Oil Prices Spike up to $100 Per Barrel,"The S&P 500 Index ($SPX ) (SPY ) today is down -0.9%, the Dow Jones Industrial Average ($DOWI ) (DIA ) is down -1.2%, and the Nasdaq 100 Index ($IUXX ) (QQQ ...","The S&amp;P 500 Index ($SPX) (SPY) today is down -0.9%, the Dow Jones Industrial Average ($DOWI) (DIA) is down -1.2%, and the Nasdaq 100 Index ($IUXX) (QQQ) is down -0.9%. March E-mini S&amp;P futur…","Stocks Fall as Oil Prices Spike up to $100 Per Barrel The S&P 500 Index ($SPX ) (SPY ) today is down -0.9%, the Dow Jones Industrial Average ($DOWI ) (DIA ) is down -1.2%, and the Nasdaq 100 Index ($IUXX ) (QQQ ... The S&amp;P 500 Index ($SPX) (SPY) today is down -0.9%, the Dow Jones Industrial Average ($DOWI) (DIA) is down -1.2%, and the Nasdaq 100 Index ($IUXX) (QQQ) is down -0.9%. March E-mini S&amp;P futur…",https://www.barchart.com/story/news/642635/stocks-fall-as-oil-prices-spike-up-to-100-per-barrel,2026-03-09 14:03:24+00:00,2026-03-09,Neutral,0.0,0
CBS News,Stocks slump as Iran war sends oil prices above $100 a barrel,Stocks in the U.S. renewed their slide on Monday after global oil prices topped $100 a barrel for the first time since 2022.,"U.S. stocks tumbled in early trading on Monday after oil prices topped $100 a barrel over the weekend and the war in Iran showed no signs of abating. The S&amp;P 500 slid 88 points, or 1.3%, to 6,65…","Stocks slump as Iran war sends oil prices above $100 a barrel Stocks in the U.S. renewed their slide on Monday after global oil prices topped $100 a barrel for the first time since 2022. U.S. stocks tumbled in early trading on Monday after oil prices topped $100 a barrel over the weekend and the war in Iran showed no signs of abating. The S&amp;P 500 slid 88 points, or 1.3%, to 6,65…",https://www.cbsnews.com/news/stock-market-today-iran-war-oil-prices-march-9/,2026-03-09 14:18:25+00:00,2026-03-08,Neutral,0.0,0
Futurism,Looks Like the Economy Is Hitting a “Nightmare Scenario”,"It's looking like a ""nightmare scenario"" is unfolding as skyrocketing oil prices ""send the world economy plummeting into a deep recession.""","Can’t-miss innovations from the bleeding edge of science and tech Tankers in the Strait of Hormuz have ground to a halt, cutting off much of the world from vital oil supplies due to the United State…","Looks Like the Economy Is Hitting a “Nightmare Scenario” It's looking like a ""nightmare scenario"" is unfolding as skyrocketing oil prices ""send the world economy plummeting into a deep recession."" Can’t-miss innovations from the bleeding edge of science and tech Tankers in the Strait of Hormuz have ground to a halt, cutting off much of the world from vital oil supplies due to the United State…",http://futurism.com/science-energy/economy-nightmare-scenario-oil-iran,2026-03-09 14:56:45+00:00,2026-03-08,Neutral,0.0,0
CoinDesk,Bitcoin could be the big winner if the U.S.-Iran conflict drags on for months,"Macro strategist Mark Connors says war-driven spending, rising debt and lower interest rates could support bitcoin.","Bitcoin BTC $69,030.27 may gain if a potential U.S.-Iran conflict stretches on for months as higher government spending, rising debt and lower interest rates create conditions that have historically…","Bitcoin could be the big winner if the U.S.-Iran conflict drags on for months Macro strategist Mark Connors says war-driven spending, rising debt and lower interest rates could support bitcoin. Bitcoin BTC $69,030.27 may gain if a potential U.S.-Iran conflict stretches on for months as higher government spending, rising debt and lower interest rates create conditions that have historically…",https://www.coindesk.com/markets/2026/03/09/bitcoin-could-be-the-big-winner-if-the-u-s-iran-conflict-drags-on-for-months,2026-03-09 16:07:03+00:00,2026-03-08,Neutral,0.0,0
Business Insider,A research firm details why surging oil prices won't lead to a US inflation nightmare,"Stocks have plunged as the US-Iran war continues to push oil prices up, threatening to fuel higher inflation.","The US war with Iran has hit stocks as it continues to push oil prices up, threatening to spur higher inflation. However, one economic research firm says fears of a sustained rise in consumer prices …","A research firm details why surging oil prices won't lead to a US inflation nightmare Stocks have plunged as the US-Iran war continues to push oil prices up, threatening to fuel higher inflation. The US war with Iran has hit stocks as it continues to push oil prices up, threatening to spur higher inflation. However, one economic research firm says fears of a sustained rise in consumer prices …",https://www.businessinsider.com/oil-prices-100-iran-war-stock-market-inflation-cpi-economy-2026-3,2026-03-09 16:07:30+00:00,2026-03-09,Neutral,0.0,0
24/7 Wall St.,"Finance Guru: Geopolitical conflicts typically trigger 4% S&P declines that recover within a month, but this time is different","Ruchir Sharma, chairman of Rockefeller International and founder of Breakout Capital, laid out a clear historical pattern on live television as markets...","<ul><li>S&amp;P 500 ETF (SPY) is down 3.06% over the past month and 2.46% over the past week, approaching the historical 4% geopolitical decline threshold. </li><li>The Iran conflict arrived into a …","Finance Guru: Geopolitical conflicts typically trigger 4% S&P declines that recover within a month, but this time is different Ruchir Sharma, chairman of Rockefeller International and founder of Breakout Capital, laid out a clear historical pattern on live television as markets... <ul><li>S&amp;P 500 ETF (SPY) is down 3.06% over the past month and 2.46% over the past week, approaching the historical 4% geopolitical decline threshold. </li><li>The Iran conflict arrived into a …",https://247wallst.com/investing/2026/03/09/finance-guru-geopolitical-conflicts-typically-trigger-4-sp-declines-that-recover-within-a-month-but-this-time-is-different/,2026-03-09 16:49:54+00:00,2026-03-08,Neutral,0.0,0
Yahoo Entertainment,"Stock market today: Nasdaq gains, Dow, S&P 500 recover losses as oil prices ease after spiking above $100",Oil's rise above $100 per barrel has unleashed fears of a more severe economic impact from the war in the Middle East.,"US stocks recovered from steep losses on Monday, flipping firmly into the green after President Trump hinted the war with Iran could be over soon. Crude prices eased after surging past $100 per barre…","Stock market today: Nasdaq gains, Dow, S&P 500 recover losses as oil prices ease after spiking above $100 Oil's rise above $100 per barrel has unleashed fears of a more severe economic impact from the war in the Middle East. US stocks recovered from steep losses on Monday, flipping firmly into the green after President Trump hinted the war with Iran could be over soon. Crude prices eased after surging past $100 per barre…",https://finance.yahoo.com/news/live/stock-market-today-dow-sp-500-nasdaq-turn-higher-oil-slides-as-trump-says-war-could-be-over-soon-193324857.html,2026-03-09 19:23:47+00:00,2026-03-09,Neutral,0.0,0
Barchart.com,"Stocks Close Higher After President Trump says Iran War is ""Pretty Much"" Complete","The S&P 500 Index ($SPX ) (SPY ) on Monday closed up +0.71%, the Dow Jones Industrial Average ($DOWI ) (DIA ) closed up +0.39%, and the Nasdaq 100 Index...","The S&amp;P 500 Index ($SPX) (SPY) on Monday closed up +0.71%, the Dow Jones Industrial Average ($DOWI) (DIA) closed up +0.39%, and the Nasdaq 100 Index ($IUXX) (QQQ) closed up +1.13%. March E-mini …","Stocks Close Higher After President Trump says Iran War is ""Pretty Much"" Complete The S&P 500 Index ($SPX ) (SPY ) on Monday closed up +0.71%, the Dow Jones Industrial Average ($DOWI ) (DIA ) closed up +0.39%, and the Nasdaq 100 Index... The S&amp;P 500 Index ($SPX) (SPY) on Monday closed up +0.71%, the Dow Jones Industrial Average ($DOWI) (DIA) closed up +0.39%, and the Nasdaq 100 Index ($IUXX) (QQQ) closed up +1.13%. March E-mini …",https://www.barchart.com/story/news/650079/stocks-close-higher-after-president-trump-says-iran-war-is-pretty-much-complete,2026-03-09 20:38:38+00:00,2026-03-09,Neutral,0.0,0
CoinDesk,How the war in Iran and trader positioning could be behind the surge in Circle's stock,"Shares were up another 9.7% on Monday, bringing them nearly to double over the past month.","Already on a tear ahead of the war in Iran, Circle (CRCL) might be an unlikely beneficiary of the conflict. The stock rose 10% on Monday, outperforming other crypto-linked equities, with the shares …","How the war in Iran and trader positioning could be behind the surge in Circle's stock Shares were up another 9.7% on Monday, bringing them nearly to double over the past month. Already on a tear ahead of the war in Iran, Circle (CRCL) might be an unlikely beneficiary of the conflict. The stock rose 10% on Monday, outperforming other crypto-linked equities, with the shares …",https://www.coindesk.com/markets/2026/03/09/how-the-war-in-iran-and-trader-positioning-could-be-behind-the-surge-in-circle-s-stock,2026-03-09 20:49:08+00:00,2026-03-09,Neutral,0.0,0
Yahoo Entertainment,"Stock market today: Dow, S&P 500, Nasdaq futures falter, oil slides as Wall Street weighs Iran war signals",Wall Street is adjusting to a historic spike and fall in oil prices after the global economy was thrown into disarray.,"US stock futures stalled on Tuesday as investors weighed President Trump's hint at a fast end to the Iran war, which sent oil prices sliding and raised hopes of limited economic fallout from the conf…","Stock market today: Dow, S&P 500, Nasdaq futures falter, oil slides as Wall Street weighs Iran war signals Wall Street is adjusting to a historic spike and fall in oil prices after the global economy was thrown into disarray. US stock futures stalled on Tuesday as investors weighed President Trump's hint at a fast end to the Iran war, which sent oil prices sliding and raised hopes of limited economic fallout from the conf…",https://finance.yahoo.com/news/live/stock-market-today-dow-sp-500-nasdaq-futures-falter-oil-slides-as-wall-street-weighs-iran-war-signals-224255455.html,2026-03-09 22:42:55+00:00,2026-03-09,Neutral,0.0,0
Yahoo Entertainment,"Stock market today: Dow, S&P 500, Nasdaq futures rise, oil slides after volatile day on Wall Street",Wall Street is adjusting to a historic spike and fall in oil prices after the global economy was thrown into disarray.,US stock futures rose early Tuesday after a turbulent session in which equities staged a sharp rebound after plummeting against soaring oil prices. Dow Jones Industrial Average futures (YM=F) put on…,"Stock market today: Dow, S&P 500, Nasdaq futures rise, oil slides after volatile day on Wall Street Wall Street is adjusting to a historic spike and fall in oil prices after the global economy was thrown into disarray. US stock futures rose early Tuesday after a turbulent session in which equities staged a sharp rebound after plummeting against soaring oil prices. Dow Jones Industrial Average futures (YM=F) put on…",https://finance.yahoo.com/news/live/stock-market-today-dow-sp-500-nasdaq-futures-rise-oil-slides-after-volatile-day-on-wall-street-224255037.html,2026-03-09 22:42:55+00:00,2026-03-09,Neutral,0.0,0
Business Insider,Oil surged past $100 before coming back to Earth. Wall Street is bracing for what comes next.,Stocks emerged unscathed on Monday after a wild day in the oil markets. Can it last?,"Oil skyrocketed past $100 a barrel over the weekend because of the war in Iran, but later retreated.David McNew/Getty Images <ul><li>This post originally appeared in the Business Insider Today newsl…","Oil surged past $100 before coming back to Earth. Wall Street is bracing for what comes next. Stocks emerged unscathed on Monday after a wild day in the oil markets. Can it last? Oil skyrocketed past $100 a barrel over the weekend because of the war in Iran, but later retreated.David McNew/Getty Images <ul><li>This post originally appeared in the Business Insider Today newsl…",https://www.businessinsider.com/oil-prices-soar-retreat-wall-street-government-reactions-inflation-2026-3,2026-03-10 11:47:43+00:00,2026-03-10,Neutral,0.0,0
Ritholtz.com,"Transcript: Ed Perks, Franklin Income Investors CIO / Franklin Advisers President","The transcript from this week’s, MiB: Ed Perks, Franklin Income Investors CIO / Franklin Advisers President, is below. You can stream and download our full conversation, including any podcast extras, on Apple Podcasts, Spotify, YouTube, and Bloomberg. All of …","The transcript from this weeks, MiB: Ed Perks, Franklin Income Investors CIO / Franklin Advisers President, is below. You can stream and download our full conversation, including any podcast extras,…","Transcript: Ed Perks, Franklin Income Investors CIO / Franklin Advisers President The transcript from this week’s, MiB: Ed Perks, Franklin Income Investors CIO / Franklin Advisers President, is below. You can stream and download our full conversation, including any podcast extras, on Apple Podcasts, Spotify, YouTube, and Bloomberg. All of … The transcript from this weeks, MiB: Ed Perks, Franklin Income Investors CIO / Franklin Advisers President, is below. You can stream and download our full conversation, including any podcast extras,…",https://ritholtz.com/2026/03/transcript-ed-perks/,2026-03-10 12:30:52+00:00,2026-03-10,Neutral,0.0,0
TheStreet,JPMorgan delivers a stark message for investors in stocks,Wall Street's biggest bank is not telling investors to panic. But it is telling them to brace for more turbulence before things get better. Mislav Matejka...,"Wall Street's biggest bank is not telling investors to panic. But it is telling them to brace for more turbulence before things get better. Mislav Matejka, JPMorgan's head of global equity strategy,…","JPMorgan delivers a stark message for investors in stocks Wall Street's biggest bank is not telling investors to panic. But it is telling them to brace for more turbulence before things get better. Mislav Matejka... Wall Street's biggest bank is not telling investors to panic. But it is telling them to brace for more turbulence before things get better. Mislav Matejka, JPMorgan's head of global equity strategy,…",https://www.thestreet.com/investing/stocks/jpmorgan-delivers-a-stark-message-for-investors-in-stocks,2026-03-10 13:33:00+00:00,2026-03-10,Neutral,0.0,0
The Times of India,"Why is the US stock market surging today? Dow Jones, S&P 500 and Nasdaq turn green while oil prices fall as Oracle earnings come in line","US stock market today shows cautious strength. The Dow Jones rose to 47,804, gaining 63 points. The S&P 500 climbed to 6,802, while the Nasdaq reached 22,759. Investors are reacting to Oracle earnings that came in line with expectations, which supports techno…","US stock market today opened with mixed but improving momentum as major benchmarks slowly turned green. The Dow Jones Industrial Average climbed to 47,804.58, gaining 63.78 points, while the S&amp;P …","Why is the US stock market surging today? Dow Jones, S&P 500 and Nasdaq turn green while oil prices fall as Oracle earnings come in line US stock market today shows cautious strength. The Dow Jones rose to 47,804, gaining 63 points. The S&P 500 climbed to 6,802, while the Nasdaq reached 22,759. Investors are reacting to Oracle earnings that came in line with expectations, which supports techno… US stock market today opened with mixed but improving momentum as major benchmarks slowly turned green. The Dow Jones Industrial Average climbed to 47,804.58, gaining 63.78 points, while the S&amp;P …",https://economictimes.indiatimes.com/news/international/us/why-is-us-stock-market-dow-jones-sp-500-and-nasdaq-all-surging-today-dow-sp-500-and-nasdaq-turn-green-today-while-oil-turns-red-as-oracle-earnings-come-in-line/articleshow/129402726.cms,2026-03-10 14:49:15+00:00,2026-03-10,Neutral,0.0,0
ABC News (AU),Head in the sand? Why our markets keep pushing higher,"""Up the stairs and down the elevator"" has been the rule of thumb for decades in financial markets — but apparently it's not the case any longer.","Up the stairs and down the elevator. For decades that's been the rule of thumb when it comes to financial markets months or even years of slow, hard-fought gains interspersed with the occasional vio…","Head in the sand? Why our markets keep pushing higher ""Up the stairs and down the elevator"" has been the rule of thumb for decades in financial markets — but apparently it's not the case any longer. Up the stairs and down the elevator. For decades that's been the rule of thumb when it comes to financial markets months or even years of slow, hard-fought gains interspersed with the occasional vio…",https://www.abc.net.au/news/2026-03-11/why-financial-markets-have-thrown-logic-to-the-wind/106438760,2026-03-10 19:04:18+00:00,2026-03-10,Neutral,0.0,0
Yahoo Entertainment,US Stocks Erase Gains as Confusion Over Oil Tanker Takes Hold,The Nasdaq 100 Index closed little changed. The Cboe Volatility Index hovered around after touching the highest since April in the prior session...,"Photographer: Michael Nagle/Bloomberg (Bloomberg) -- US stocks inched lower, wiping out earlier gains, as conflicting reports about shipping in the Strait of Hormuz weighed on investor sentiment. T…","US Stocks Erase Gains as Confusion Over Oil Tanker Takes Hold The Nasdaq 100 Index closed little changed. The Cboe Volatility Index hovered around after touching the highest since April in the prior session... Photographer: Michael Nagle/Bloomberg (Bloomberg) -- US stocks inched lower, wiping out earlier gains, as conflicting reports about shipping in the Strait of Hormuz weighed on investor sentiment. T…",https://finance.yahoo.com/news/us-stocks-advance-g-7-161648062.html,2026-03-10 20:33:40+00:00,2026-03-10,Neutral,0.0,0
Yahoo Entertainment,"Stock market today: Dow, S&P 500, Nasdaq futures waver amid fresh inflation data, continued Iran fallout",,"If you click 'Accept all', we and our partners, including 245 who are part of the IAB Transparency &amp; Consent Framework, will also store and / or access information on a device (in other words, us…","Stock market today: Dow, S&P 500, Nasdaq futures waver amid fresh inflation data, continued Iran fallout If you click 'Accept all', we and our partners, including 245 who are part of the IAB Transparency &amp; Consent Framework, will also store and / or access information on a device (in other words, us…",https://consent.yahoo.com/v2/collectConsent?sessionId=1_cc-session_ccfa75c3-87ce-4b5a-a74d-9376fedc72b9,2026-03-10 23:13:25+00:00,2026-03-10,Neutral,0.0,0
Yahoo Entertainment,"Stock market today: Dow, S&P 500, Nasdaq futures waver amid continued Iran fallout, with CPI on deck","Wall Street continues to be buffeted by the winds of war, as the effects of the Iran war are being seen through widespread volatility.","US stock futures fluctuated on Wednesday as investors eyed attacks on shipping in the Iran war and braced for the latest inflation report, which could help shape expectations for the economy and Fede…","Stock market today: Dow, S&P 500, Nasdaq futures waver amid continued Iran fallout, with CPI on deck Wall Street continues to be buffeted by the winds of war, as the effects of the Iran war are being seen through widespread volatility. US stock futures fluctuated on Wednesday as investors eyed attacks on shipping in the Iran war and braced for the latest inflation report, which could help shape expectations for the economy and Fede…",https://finance.yahoo.com/news/live/stock-market-today-dow-sp-500-nasdaq-futures-waver-amid-continued-iran-fallout-with-cpi-on-deck-231325631.html,2026-03-10 23:13:25+00:00,2026-03-10,Neutral,0.0,0
The Times of India,"Private banks, tech and capex stocks look promising after market dip: Sandip Agarwal","Market volatility has created buying opportunities. Valuations are now more attractive, supported by central bank liquidity. Long-term investors can cautiously build positions. Sectors like IT and private banks are showing promise. Manufacturing and select ph…","After weeks of volatility and a sharp correction across segments of the market, investors are beginning to ask whether the decline has created a buying opportunity. While uncertainty linked to global…","Private banks, tech and capex stocks look promising after market dip: Sandip Agarwal Market volatility has created buying opportunities. Valuations are now more attractive, supported by central bank liquidity. Long-term investors can cautiously build positions. Sectors like IT and private banks are showing promise. Manufacturing and select ph… After weeks of volatility and a sharp correction across segments of the market, investors are beginning to ask whether the decline has created a buying opportunity. While uncertainty linked to global…",https://economictimes.indiatimes.com/markets/expert-view/private-banks-tech-and-capex-stocks-look-promising-after-market-dip-sandip-agarwal/articleshow/129438284.cms,2026-03-11 04:56:47+00:00,2026-03-11,Neutral,0.0,0
CoinDesk,"Bitcoin steady above $70,000 as IEA proposes largest-ever oil reserve release","The largest cryptocurrency gained 7% from Monday's lows as energy price fears eased, with Asian equities rising 1.8% and Brent crude dropping below $90 for the first time since the war began.","Bitcoin BTC $69,788.58 touched $71,612 on Tuesday evening before settling back to $70,036 by Wednesday's Asian session, as oil price slide revved up risk sentiment. A key catalyst was a Wall Stree…","Bitcoin steady above $70,000 as IEA proposes largest-ever oil reserve release The largest cryptocurrency gained 7% from Monday's lows as energy price fears eased, with Asian equities rising 1.8% and Brent crude dropping below $90 for the first time since the war began. Bitcoin BTC $69,788.58 touched $71,612 on Tuesday evening before settling back to $70,036 by Wednesday's Asian session, as oil price slide revved up risk sentiment. A key catalyst was a Wall Stree…",https://www.coindesk.com/markets/2026/03/11/bitcoin-steady-above-usd70-000-as-iea-proposes-largest-ever-oil-reserve-release,2026-03-11 05:16:45+00:00,2026-03-11,Neutral,0.0,0
CoinDesk,"Bitcoin stuck under $70,000 as investors play it safe before U.S. inflation report","The day ahead in crypto: March 11, 2026","By Omkar Godbole (All times ET unless indicated otherwise) Bitcoin BTC $69,472.86 slipped back below $70,000 as war in the Middle East and U.S. inflation data due later today keep investors cautiou…","Bitcoin stuck under $70,000 as investors play it safe before U.S. inflation report The day ahead in crypto: March 11, 2026 By Omkar Godbole (All times ET unless indicated otherwise) Bitcoin BTC $69,472.86 slipped back below $70,000 as war in the Middle East and U.S. inflation data due later today keep investors cautiou…",https://www.coindesk.com/daybook-us/2026/03/11/bitcoin-stuck-under-usd70-000-as-investors-play-it-safe-before-u-s-inflation-report,2026-03-11 11:15:00+00:00,2026-03-11,Neutral,0.0,0
24/7 Wall St.,What Happens to Dividend Income When the Next Recession Hits,"Recession fears have a way of making income investors second-guess everything, and if dividends are paid out of cash flow, and cash flow shrinks during...","Recession fears have a way of making income investors second-guess everything, and if dividends are paid out of cash flow, and cash flow shrinks during economic downturns, it only seems logical that …","What Happens to Dividend Income When the Next Recession Hits Recession fears have a way of making income investors second-guess everything, and if dividends are paid out of cash flow, and cash flow shrinks during... Recession fears have a way of making income investors second-guess everything, and if dividends are paid out of cash flow, and cash flow shrinks during economic downturns, it only seems logical that …",https://247wallst.com/investing/2026/03/11/what-happens-to-dividend-income-when-the-next-recession-hits/,2026-03-11 12:55:50+00:00,2026-03-11,Neutral,0.0,0
Barchart.com,The ‘Flight to Quality’ Isn’t Working as the S&P 500 Stalls Out. This ETF Shows Why.,"When the bears come to prowl, few stocks, if any, are spared.",The Invesco S&amp;P 500 Quality ETF (SPHQ) is currently a source of frustration for investors who expect high-quality companies to lead during periods of market stress. While the fund has delivered a…,"The ‘Flight to Quality’ Isn’t Working as the S&P 500 Stalls Out. This ETF Shows Why. When the bears come to prowl, few stocks, if any, are spared. The Invesco S&amp;P 500 Quality ETF (SPHQ) is currently a source of frustration for investors who expect high-quality companies to lead during periods of market stress. While the fund has delivered a…",https://www.barchart.com/story/news/687963/the-flight-to-quality-isnt-working-as-the-s-p-500-stalls-out-this-etf-shows-why,2026-03-11 13:00:02+00:00,2026-03-11,Neutral,0.0,0
Reason,War Rations,"Plus: Pete Hegseth spends millions on lobster tail and rib-eye steak, oil prices go for another roller-coaster ride, no inflation increase, and more...","Warrior EAThos. Defense Secretary Pete Hegseth spent tens of millions of dollars on lobster and steak dinners, among other frivolous and questionable purchases, during his first year in the Trump adm…","War Rations Plus: Pete Hegseth spends millions on lobster tail and rib-eye steak, oil prices go for another roller-coaster ride, no inflation increase, and more... Warrior EAThos. Defense Secretary Pete Hegseth spent tens of millions of dollars on lobster and steak dinners, among other frivolous and questionable purchases, during his first year in the Trump adm…",https://reason.com/2026/03/11/war-rations/,2026-03-11 13:28:57+00:00,2026-03-11,Neutral,0.0,0
Yahoo Entertainment,"Stock market today: S&P 500 and Nasdaq rise, Dow slips amid fresh inflation data, continued Iran fallout",,"If you click 'Accept all', we and our partners, including 245 who are part of the IAB Transparency &amp; Consent Framework, will also store and / or access information on a device (in other words, us…","Stock market today: S&P 500 and Nasdaq rise, Dow slips amid fresh inflation data, continued Iran fallout If you click 'Accept all', we and our partners, including 245 who are part of the IAB Transparency &amp; Consent Framework, will also store and / or access information on a device (in other words, us…",https://consent.yahoo.com/v2/collectConsent?sessionId=1_cc-session_bb9ddabe-bcce-44a3-bf17-995b04e0a80f,2026-03-11 13:35:43+00:00,2026-03-11,Neutral,0.0,0
Yahoo Entertainment,"Stock market today: Dow, S&P 500, Nasdaq slip amid fresh inflation data, continued Iran fallout",,"If you click 'Accept all', we and our partners, including 245 who are part of the IAB Transparency &amp; Consent Framework, will also store and / or access information on a device (in other words, us…","Stock market today: Dow, S&P 500, Nasdaq slip amid fresh inflation data, continued Iran fallout If you click 'Accept all', we and our partners, including 245 who are part of the IAB Transparency &amp; Consent Framework, will also store and / or access information on a device (in other words, us…",https://consent.yahoo.com/v2/collectConsent?sessionId=1_cc-session_bad3bfd1-a8f2-4195-9648-cb17bfed2eb1,2026-03-11 13:35:43+00:00,2026-03-11,Neutral,0.0,0
Yahoo Entertainment,"Stock market today: Nasdaq rises, S&P 500 and Dow slip amid fresh inflation data, continued Iran fallout","Wall Street continues to be buffeted by the winds of war, as the effects of the Iran war are being seen through widespread volatility.","Consumer prices rose 0.3% in February over the previous month, according to data released by the Bureau of Labor Statistics on Friday morning, matching expectations and rising slightly higher than th…","Stock market today: Nasdaq rises, S&P 500 and Dow slip amid fresh inflation data, continued Iran fallout Wall Street continues to be buffeted by the winds of war, as the effects of the Iran war are being seen through widespread volatility. Consumer prices rose 0.3% in February over the previous month, according to data released by the Bureau of Labor Statistics on Friday morning, matching expectations and rising slightly higher than th…",https://finance.yahoo.com/news/live/stock-market-today-nasdaq-rises-sp-500-and-dow-slip-amid-fresh-inflation-data-continued-iran-fallout-133543930.html,2026-03-11 13:35:43+00:00,2026-03-11,Neutral,0.0,0
CoinDesk,"Bitcoin reverses overnight losses, rising to above $70,000 as oil renews decline","Wednesday morning's U.S. inflation data was in line with forecasts, and markets continue to price out any chance of a Fed rate cut at either the March or April meetings.","After retreating back to the $69,000 area during early U.S. morning hours Wednesday, bitcoin BTC $70,386.61 has quickly spiked to nearly $71,000. Other crypto assets, including ether (ETH), solana …","Bitcoin reverses overnight losses, rising to above $70,000 as oil renews decline Wednesday morning's U.S. inflation data was in line with forecasts, and markets continue to price out any chance of a Fed rate cut at either the March or April meetings. After retreating back to the $69,000 area during early U.S. morning hours Wednesday, bitcoin BTC $70,386.61 has quickly spiked to nearly $71,000. Other crypto assets, including ether (ETH), solana …",https://www.coindesk.com/markets/2026/03/11/bitcoin-reverses-overnight-losses-rising-to-above-usd70-000-as-oil-renews-decline,2026-03-11 14:21:03+00:00,2026-03-11,Neutral,0.0,0
Barchart.com,"Stocks Pressured by Higher Oil Prices, But Positive Oracle AI News Helps Tech Stocks","The S&P 500 Index ($SPX ) (SPY ) is down -0.30%, the Dow Jones Industrial Average ($DOWI ) (DIA ) is down -0.88%, and the Nasdaq 100 Index ($IUXX ) (QQQ ) is...","The S&amp;P 500 Index ($SPX) (SPY) is down -0.30%, the Dow Jones Industrial Average ($DOWI) (DIA) is down -0.88%, and the Nasdaq 100 Index ($IUXX) (QQQ) is down -0.11%. March E-mini S&amp;P futures …","Stocks Pressured by Higher Oil Prices, But Positive Oracle AI News Helps Tech Stocks The S&P 500 Index ($SPX ) (SPY ) is down -0.30%, the Dow Jones Industrial Average ($DOWI ) (DIA ) is down -0.88%, and the Nasdaq 100 Index ($IUXX ) (QQQ ) is... The S&amp;P 500 Index ($SPX) (SPY) is down -0.30%, the Dow Jones Industrial Average ($DOWI) (DIA) is down -0.88%, and the Nasdaq 100 Index ($IUXX) (QQQ) is down -0.11%. March E-mini S&amp;P futures …",https://www.barchart.com/story/news/693420/stocks-pressured-by-higher-oil-prices-but-positive-oracle-ai-news-helps-tech-stocks,2026-03-11 16:22:51+00:00,2026-03-11,Neutral,0.0,0
Barchart.com,"Stocks Pressured by Higher Oil Prices, But Positive Oracle AI News Helps Tech Stocks","The S&P 500 Index ($SPX ) (SPY ) on Wednesday fell -0.08%, the Dow Jones Industrial Average ($DOWI ) (DIA ) fell -0.61%, and the Nasdaq 100 Index ($IUXX...","The S&amp;P 500 Index ($SPX) (SPY) on Wednesday fell -0.08%, the Dow Jones Industrial Average ($DOWI) (DIA) fell -0.61%, and the Nasdaq 100 Index ($IUXX) (QQQ) rose +0.03%. March E-mini S&amp;P futu…","Stocks Pressured by Higher Oil Prices, But Positive Oracle AI News Helps Tech Stocks The S&P 500 Index ($SPX ) (SPY ) on Wednesday fell -0.08%, the Dow Jones Industrial Average ($DOWI ) (DIA ) fell -0.61%, and the Nasdaq 100 Index ($IUXX... The S&amp;P 500 Index ($SPX) (SPY) on Wednesday fell -0.08%, the Dow Jones Industrial Average ($DOWI) (DIA) fell -0.61%, and the Nasdaq 100 Index ($IUXX) (QQQ) rose +0.03%. March E-mini S&amp;P futu…",https://www.barchart.com/story/news/697895/stocks-pressured-by-higher-oil-prices-but-positive-oracle-ai-news-helps-tech-stocks,2026-03-11 20:33:33+00:00,2026-03-11,Neutral,0.0,0
MarketBeat,Market Crash Warning? Wall Street Veteran Says Mid-March Could Mark a Turning Point,"Marc Chaikin explains why the presidential election cycle, weakening tech stocks, and rising geopolitical risk could signal a correction, and how investors...","Computer screen shows plunging stock market chart beside ballot box and U.S. flag, highlighting election-driven market volatility risk. <ul><li>Marc Chaikin, founder and CEO of Chaikin Analytics, sa…","Market Crash Warning? Wall Street Veteran Says Mid-March Could Mark a Turning Point Marc Chaikin explains why the presidential election cycle, weakening tech stocks, and rising geopolitical risk could signal a correction, and how investors... Computer screen shows plunging stock market chart beside ballot box and U.S. flag, highlighting election-driven market volatility risk. <ul><li>Marc Chaikin, founder and CEO of Chaikin Analytics, sa…",https://www.marketbeat.com/stock-ideas/market-crash-warning-wall-street-veteran-says-mid-march-could-mark-a-turning-point/?utm_source=yahoofinance&amp;utm_medium=yahoofinance,2026-03-11 21:11:00+00:00,2026-03-11,Neutral,0.0,0
The Times of India,"US Stock Market | S&P 500, Dow end lower as escalating Iran war sours risk appetite",Indian markets reacted to a global downturn. US stocks fell as escalating tensions between the US and Iran overshadowed a calm inflation report. Investors worried about rising oil prices impacting consumer spending. Saudi Arabia increased oil production and t…,"U.S. stocks closed lower on Wednesday as markets largely looked past a tame inflation report, focusing instead on intensifying hostilities and mounting repercussions related to the U.S.-Israeli war o…","US Stock Market | S&P 500, Dow end lower as escalating Iran war sours risk appetite Indian markets reacted to a global downturn. US stocks fell as escalating tensions between the US and Iran overshadowed a calm inflation report. Investors worried about rising oil prices impacting consumer spending. Saudi Arabia increased oil production and t… U.S. stocks closed lower on Wednesday as markets largely looked past a tame inflation report, focusing instead on intensifying hostilities and mounting repercussions related to the U.S.-Israeli war o…",https://economictimes.indiatimes.com/markets/us-stocks/news/us-stock-market-sp-500-dow-end-lower-as-escalating-iran-war-sours-risk-appetite/articleshow/129487714.cms,2026-03-12 01:54:44+00:00,2026-03-12,Neutral,0.0,0
CoinDesk,"Circle’s outperformance highlights USDC’s staying power, says bullish Wall Street analyst","William Blair said Circle’s recent rally reflects more than macro factors, pointing to USDC resilience and growing recognition of the firm’s stablecoin infrastructure advantage.","Circle (CRCL) has recently outperformed other crypto-linked equities, a move investment bank William Blair said reflects more than shifting macro conditions. It is tempting to ascribe recent strengt…","Circle’s outperformance highlights USDC’s staying power, says bullish Wall Street analyst William Blair said Circle’s recent rally reflects more than macro factors, pointing to USDC resilience and growing recognition of the firm’s stablecoin infrastructure advantage. Circle (CRCL) has recently outperformed other crypto-linked equities, a move investment bank William Blair said reflects more than shifting macro conditions. It is tempting to ascribe recent strengt…",https://www.coindesk.com/markets/2026/03/12/circle-s-outperformance-highlights-usdc-s-staying-power-says-bullish-wall-street-analyst,2026-03-12 15:00:52+00:00,2026-03-12,Neutral,0.0,0
The Times of India,"US stock market deep in red today: Why Dow Jones, S&P 500 and Nasdaq crash again - Dow drops 600 points and Nasdaq sinks over 350","US stock market deep in red today: Dow Jones, S&P 500 and Nasdaq crash again - The Dow Jones Industrial Average fell 600 points, while the Nasdaq dropped more than 350 points and the S&P 500 slid over 1.2%. Rising oil prices near $100, escalating Middle East …","US stock market deep in red today: Dow Jones, S&amp;P 500 and Nasdaq crash again - The US stock market crashed sharply today, with the Dow Jones Industrial Average falling more than 600 points, while…","US stock market deep in red today: Why Dow Jones, S&P 500 and Nasdaq crash again - Dow drops 600 points and Nasdaq sinks over 350 US stock market deep in red today: Dow Jones, S&P 500 and Nasdaq crash again - The Dow Jones Industrial Average fell 600 points, while the Nasdaq dropped more than 350 points and the S&P 500 slid over 1.2%. Rising oil prices near $100, escalating Middle East … US stock market deep in red today: Dow Jones, S&amp;P 500 and Nasdaq crash again - The US stock market crashed sharply today, with the Dow Jones Industrial Average falling more than 600 points, while…",https://economictimes.indiatimes.com/news/international/us/us-stock-market-deep-in-red-today-why-dow-jones-sp-500-and-nasdaq-crash-again-dow-drops-600-points-and-nasdaq-sinks-over-350/articleshow/129513344.cms,2026-03-12 15:02:00+00:00,2026-03-12,Neutral,0.0,0
CoinDesk,"Bitcoin holds $70,000 level as surging oil prices and credit issues have stocks tumbling","U.S. President Trump said stopping Iran is more of a concern than oil prices, as crude climbed 10% on Thursday.","Safe-haven asset? The action is volatile, but bitcoin BTC $70,500.04 for the moment is continuing to hold just above the $70,000 even as other risk assets sell off across the board. Helping to se…","Bitcoin holds $70,000 level as surging oil prices and credit issues have stocks tumbling U.S. President Trump said stopping Iran is more of a concern than oil prices, as crude climbed 10% on Thursday. Safe-haven asset? The action is volatile, but bitcoin BTC $70,500.04 for the moment is continuing to hold just above the $70,000 even as other risk assets sell off across the board. Helping to se…",https://www.coindesk.com/markets/2026/03/12/bitcoin-holds-usd70-000-level-as-surging-oil-prices-and-credit-issues-have-stocks-tumbling,2026-03-12 15:41:33+00:00,2026-03-12,Neutral,0.0,0
Yahoo Entertainment,Southwest Airlines Co. (LUV) Target Increased to $35 at Redburn Despite Sell Rating,"Southwest Airlines Co. (NYSE:LUV) is among the 12 Best Very Cheap Stocks to Buy in 2026. On March 5, Rothschild & Co Redburn raised its price target on...","Southwest Airlines Co. (NYSE:LUV) is among the 12 Best Very Cheap Stocks to Buy in 2026. Southwest Airlines Co. (LUV) Target Increased to $35 at Redburn Despite Sell Rating On March 5, Rothschild &…","Southwest Airlines Co. (LUV) Target Increased to $35 at Redburn Despite Sell Rating Southwest Airlines Co. (NYSE:LUV) is among the 12 Best Very Cheap Stocks to Buy in 2026. On March 5, Rothschild & Co Redburn raised its price target on... Southwest Airlines Co. (NYSE:LUV) is among the 12 Best Very Cheap Stocks to Buy in 2026. Southwest Airlines Co. (LUV) Target Increased to $35 at Redburn Despite Sell Rating On March 5, Rothschild &…",https://finance.yahoo.com/news/southwest-airlines-co-luv-target-154147124.html,2026-03-12 15:41:47+00:00,2026-03-12,Neutral,0.0,0
Fortune,Oil hits $100 a barrel and stocks sink as Iran War drags on with no end in sight,"With no clear end in sight, the war with Iran is sending oil prices back to $100 per barrel, and stocks are sinking worldwide on Thursday. The S&P 500 fell 1.1% and is returning to sharp swings following a couple days of relative calm. The Dow Jones Industria…","With no clear end in sight, the war with Iran is sending oil prices back to $100 per barrel, and stocks are sinking worldwide on Thursday.The S&amp;P 500 fell 1.1% and is returning to sharp swings fo…","Oil hits $100 a barrel and stocks sink as Iran War drags on with no end in sight With no clear end in sight, the war with Iran is sending oil prices back to $100 per barrel, and stocks are sinking worldwide on Thursday. The S&P 500 fell 1.1% and is returning to sharp swings following a couple days of relative calm. The Dow Jones Industria… With no clear end in sight, the war with Iran is sending oil prices back to $100 per barrel, and stocks are sinking worldwide on Thursday.The S&amp;P 500 fell 1.1% and is returning to sharp swings fo…",https://fortune.com/2026/03/12/oil-100-barrel-iran-war-stocks-sink/,2026-03-12 17:06:32+00:00,2026-03-12,Neutral,0.0,0
The Times of India,Asian Market | Morgan Stanley flags risks for Asian equities as oil uncertainty looms,Morgan Stanley warns investors about Asian stocks. Rising geopolitical risks and potential oil price shocks are key concerns. The firm suggests selling during market rallies. Asian economies are seen as more vulnerable to elevated oil prices. A bearish sc…,"Global brokerage firm Morgan Stanley has struck a cautious tone on Asian equities, advising investors to use market rallies as opportunities to sell amid rising geopolitical risks and potential energ…","Asian Market | Morgan Stanley flags risks for Asian equities as oil uncertainty looms Morgan Stanley warns investors about Asian stocks. Rising geopolitical risks and potential oil price shocks are key concerns. The firm suggests selling during market rallies. Asian economies are seen as more vulnerable to elevated oil prices. A bearish sc… Global brokerage firm Morgan Stanley has struck a cautious tone on Asian equities, advising investors to use market rallies as opportunities to sell amid rising geopolitical risks and potential energ…",https://economictimes.indiatimes.com/markets/us-stocks/news/asian-market-morgan-stanley-flags-risks-for-asian-equities-as-oil-uncertainty-looms/articleshow/129535971.cms,2026-03-13 03:54:50+00:00,2026-03-13,Neutral,0.0,0
Financial Post,"Asian Stocks Trim Early Losses, Oil Rally Cools: Markets Wrap",Asian stocks pared early declines while S&P 500 futures rose as the US issued a second temporary waiver allowing purchases of Russian oil to help curb surging energy prices.,(Bloomberg) Asian stocks pared early declines while S&amp;P 500 futures rose as the US issued a second temporary waiver allowing purchases of Russian oil to help curb surging energy prices. THIS CON…,"Asian Stocks Trim Early Losses, Oil Rally Cools: Markets Wrap Asian stocks pared early declines while S&P 500 futures rose as the US issued a second temporary waiver allowing purchases of Russian oil to help curb surging energy prices. (Bloomberg) Asian stocks pared early declines while S&amp;P 500 futures rose as the US issued a second temporary waiver allowing purchases of Russian oil to help curb surging energy prices. THIS CON…",https://financialpost.com/pmn/business-pmn/asian-stocks-trim-early-losses-oil-rally-cools-markets-wrap,2026-03-13 04:20:42+00:00,2026-03-13,Neutral,0.0,0
The Times of India,"Why are US stock market futures rising now, and S&P 500 and Dow Jones in green while Nasdaq in red? Wall street futures move, analysts insights and market outlook explained","Why are US stock market futures rising now, and S&P 500 and Dow Jones in green while Nasdaq in red is a question investors are asking after futures moved mixed Thursday night. Markets react to oil price surge, Iran tension, inflation concerns, and upcoming PC…","Why are US stock market futures rising now, and S&amp;P 500 and Dow Jones in green while Nasdaq in red has become a key topic for investors as markets react to several economic and geopolitical devel…","Why are US stock market futures rising now, and S&P 500 and Dow Jones in green while Nasdaq in red? Wall street futures move, analysts insights and market outlook explained Why are US stock market futures rising now, and S&P 500 and Dow Jones in green while Nasdaq in red is a question investors are asking after futures moved mixed Thursday night. Markets react to oil price surge, Iran tension, inflation concerns, and upcoming PC… Why are US stock market futures rising now, and S&amp;P 500 and Dow Jones in green while Nasdaq in red has become a key topic for investors as markets react to several economic and geopolitical devel…",https://economictimes.indiatimes.com/news/international/us/why-are-us-stock-market-futures-rising-now-and-sp-500-and-dow-jones-in-green-while-nasdaq-in-red-wall-street-futures-move-analysts-insights-and-market-outlook-explained-what-should-investors-do-now/articleshow/129537095.cms,2026-03-13 04:47:31+00:00,2026-03-13,Neutral,0.0,0
The Times of India,Bitcoin rebounds toward $72K as US Treasury comments ease oil inflation concerns,"Bitcoin surged towards $72,000 after U.S. Treasury Secretary Scott Bessent addressed market concerns. Cryptocurrencies like Bitcoin and Ethereum saw significant gains. Major altcoins also experienced strong upward movement. This rally added billions to the…","(What's moving Sensex and Nifty Track latest market news, stock tips, Budget 2025, Share Market on Budget 2025 and expert advice, on ETMarkets. Also, ETMarkets.com is now on Telegram. For fastest new…","Bitcoin rebounds toward $72K as US Treasury comments ease oil inflation concerns Bitcoin surged towards $72,000 after U.S. Treasury Secretary Scott Bessent addressed market concerns. Cryptocurrencies like Bitcoin and Ethereum saw significant gains. Major altcoins also experienced strong upward movement. This rally added billions to the… (What's moving Sensex and Nifty Track latest market news, stock tips, Budget 2025, Share Market on Budget 2025 and expert advice, on ETMarkets. Also, ETMarkets.com is now on Telegram. For fastest new…",https://economictimes.indiatimes.com/markets/cryptocurrency/bitcoin-rebounds-toward-72k-as-us-treasury-comments-ease-oil-inflation-concerns/articleshow/129540037.cms,2026-03-13 06:00:29+00:00,2026-03-13,Neutral,0.0,0
Al Jazeera English,How Israel-US war on Iran puts $50bn in Indian remittances at risk,"The US-Israel war on Iran has caused gas shortages, while nine million Indian expats in the Gulf face uncertainty.","As the United States-Israeli war on Iran completes two weeks, it has triggered a global energy crisis, even as Irans retaliation threatens to pull the rest of the Middle East into the conflict. The …","How Israel-US war on Iran puts $50bn in Indian remittances at risk The US-Israel war on Iran has caused gas shortages, while nine million Indian expats in the Gulf face uncertainty. As the United States-Israeli war on Iran completes two weeks, it has triggered a global energy crisis, even as Irans retaliation threatens to pull the rest of the Middle East into the conflict. The …",https://www.aljazeera.com/news/2026/3/13/how-israel-us-war-on-iran-puts-50bn-in-indian-remittances-at-risk,2026-03-13 06:06:24+00:00,2026-03-13,Neutral,0.0,0
Hurriyet Daily News,Oil holds above $100 and stocks fall as Khamenei targets Hormuz,Oil prices held around $100 Friday and most equity markets dropped after Iran's leader called for the blocking of the crucial Strait of Hormuz and opening up of new fronts in the war against the United States and Israel.,"TEHRAN A man walks along the shore as oil tankers and cargo ships line up in the Strait of Hormuz, seen from Khor Fakkan, United Arab Emirates, Wednesday, March 11, 2026. (AP Photo/Altaf Qadri) Oil…","Oil holds above $100 and stocks fall as Khamenei targets Hormuz Oil prices held around $100 Friday and most equity markets dropped after Iran's leader called for the blocking of the crucial Strait of Hormuz and opening up of new fronts in the war against the United States and Israel. TEHRAN A man walks along the shore as oil tankers and cargo ships line up in the Strait of Hormuz, seen from Khor Fakkan, United Arab Emirates, Wednesday, March 11, 2026. (AP Photo/Altaf Qadri) Oil…",https://www.hurriyetdailynews.com/oil-holds-above-100-and-stocks-fall-as-khamenei-targets-hormuz-219916,2026-03-13 06:15:12+00:00,2026-03-13,Neutral,0.0,0
CoinDesk,"Bitcoin's early crash to $60,000 now looks like a warning for stocks","Bitcoin has once again acted as a leading indicator for risk assets, plunging sharply before the ongoing global stock market swoon.","Many see bitcoin BTC $71,329.00 as a safe-haven and store-of-value asset, like gold. But some currency traders treat it as a lead indicator for broader market mood, and they've been proven right aga…","Bitcoin's early crash to $60,000 now looks like a warning for stocks Bitcoin has once again acted as a leading indicator for risk assets, plunging sharply before the ongoing global stock market swoon. Many see bitcoin BTC $71,329.00 as a safe-haven and store-of-value asset, like gold. But some currency traders treat it as a lead indicator for broader market mood, and they've been proven right aga…",https://www.coindesk.com/markets/2026/03/13/bitcoin-crashed-first-now-stocks-follow-cementing-btc-s-lead-indicator-cred,2026-03-13 07:24:03+00:00,2026-03-13,Neutral,0.0,0
CoinDesk,"Bitcoin holds above $71,000, defying rising dollar, oil and U.S. bond yields","Stronger dollar, rising Treasury yields, and tech equities treading water contrast with bitcoin’s resilience amid geopolitical tensions.","Bitcoin BTC $72,301.23 rose above $71,500 on Friday, outperforming U.S. equities even as the dollar strengthened and oil prices remained elevated as the war with Iran was set to enter its third week…","Bitcoin holds above $71,000, defying rising dollar, oil and U.S. bond yields Stronger dollar, rising Treasury yields, and tech equities treading water contrast with bitcoin’s resilience amid geopolitical tensions. Bitcoin BTC $72,301.23 rose above $71,500 on Friday, outperforming U.S. equities even as the dollar strengthened and oil prices remained elevated as the war with Iran was set to enter its third week…",https://www.coindesk.com/markets/2026/03/13/bitcoin-holds-above-usd71-000-defying-rising-dollar-oil-and-u-s-bond-yields,2026-03-13 09:32:45+00:00,2026-03-13,Neutral,0.0,0
Cointelegraph,Bitcoin 'passing geopolitical stress test' as BTC price spikes above $72K,"Bitcoin price analysis saw conditions slowly ""building"" to support a breakout as BTC emerged as the strongest macro performer since the Iran conflict began.",Bitcoin (BTC) hit eight-day highs into Fridays Wall Street open as markets awaited key US inflation cues. Key points: <ul><li>Bitcoin shows resilience despite macro market uncertainty with another …,"Bitcoin 'passing geopolitical stress test' as BTC price spikes above $72K Bitcoin price analysis saw conditions slowly ""building"" to support a breakout as BTC emerged as the strongest macro performer since the Iran conflict began. Bitcoin (BTC) hit eight-day highs into Fridays Wall Street open as markets awaited key US inflation cues. Key points: <ul><li>Bitcoin shows resilience despite macro market uncertainty with another …",https://cointelegraph.com/markets/bitcoin-passing-geopolitical-stress-test-btc-price-spikes-above-72k,2026-03-13 09:58:54+00:00,2026-03-13,Neutral,0.0,0
CNA,"Iran war unlikely to have prolonged impact on stock markets, analysts say","Staying invested in the stock market is likely the best strategy for investors amid volatility from the war in the Middle East, analysts said.","SINGAPORE: Staying invested in the stock market is likely the best strategy for investors amid volatility arising from the war in the Middle East, according to analysts. ""Military conflicts generall…","Iran war unlikely to have prolonged impact on stock markets, analysts say Staying invested in the stock market is likely the best strategy for investors amid volatility from the war in the Middle East, analysts said. SINGAPORE: Staying invested in the stock market is likely the best strategy for investors amid volatility arising from the war in the Middle East, according to analysts. ""Military conflicts generall…",https://www.channelnewsasia.com/singapore/stock-markets-asia-iran-war-conflict-5991576,2026-03-13 12:25:13+00:00,2026-03-13,Neutral,0.0,0
Hurriyet Daily News,"Oil dips under $100, stocks fall tracking Mideast war developments","Oil dipped under $100 Friday, but remained far above pre-Mideast war levels with no end in sight to disrupted crude supplies.","WASHINGTON Oil dipped under $100 Friday, but remained far above pre-Mideast war levels with no end in sight to disrupted crude supplies. With the conflict heading towards its third week, equity mar…","Oil dips under $100, stocks fall tracking Mideast war developments Oil dipped under $100 Friday, but remained far above pre-Mideast war levels with no end in sight to disrupted crude supplies. WASHINGTON Oil dipped under $100 Friday, but remained far above pre-Mideast war levels with no end in sight to disrupted crude supplies. With the conflict heading towards its third week, equity mar…",https://www.hurriyetdailynews.com/oil-dips-under-100-stocks-fall-tracking-mideast-war-developments-219940,2026-03-13 12:52:20+00:00,2026-03-13,Neutral,0.0,0
CBS News,Why a mortgage rate lock before the March Fed meeting makes sense,Does a mortgage interest rate lock before the March Fed meeting make sense for borrowers? It can. Here's why.,"A mortgage interest rate lock in today's rising rate climate could make sense for borrowers. Pla2na/Getty Images Slowly but gradually, mortgage interest rates look like they're heading up again. Af…","Why a mortgage rate lock before the March Fed meeting makes sense Does a mortgage interest rate lock before the March Fed meeting make sense for borrowers? It can. Here's why. A mortgage interest rate lock in today's rising rate climate could make sense for borrowers. Pla2na/Getty Images Slowly but gradually, mortgage interest rates look like they're heading up again. Af…",https://www.cbsnews.com/news/why-mortgage-rate-lock-before-march-2026-fed-meeting-makes-sense/,2026-03-13 13:21:10+00:00,2026-03-13,Neutral,0.0,0
CNA,"Stocks dip, dollar strong as Iran conflict keeps oil prices high","BOSTON/LONDON, March 13 : Global stocks fell and oil prices stayed high on Friday as uncertainty over the Iran war continued to disrupt energy supplies, heightening concerns over fuel inflation and interest rates.The price of oil hovered around $100 per barre…","BOSTON/LONDON, March 13 : Global stocks fell and oil prices stayed high on Friday as uncertainty over the Iran war continued to disrupt energy supplies, heightening concerns over fuel inflation and i…","Stocks dip, dollar strong as Iran conflict keeps oil prices high BOSTON/LONDON, March 13 : Global stocks fell and oil prices stayed high on Friday as uncertainty over the Iran war continued to disrupt energy supplies, heightening concerns over fuel inflation and interest rates.The price of oil hovered around $100 per barre… BOSTON/LONDON, March 13 : Global stocks fell and oil prices stayed high on Friday as uncertainty over the Iran war continued to disrupt energy supplies, heightening concerns over fuel inflation and i…",https://www.channelnewsasia.com/business/stocks-dip-dollar-strong-iran-conflict-keeps-oil-prices-high-5990711,2026-03-13 13:52:29+00:00,2026-03-13,Neutral,0.0,0
The Times of India,US Stocks: US Fed's preferred inflation gauge edges down,"The US Federal Reserve's preferred inflation gauge came in slightly lower than expected in January, registering 2.8 percent growth over a year ago, according to data released Friday ahead of a key central bank rate-setting meeting next week.","The US Federal Reserve's preferred inflation gauge came in slightly lower than expected in January, registering 2.8 percent growth over a year ago, according to data released Friday ahead of a key ce…","US Stocks: US Fed's preferred inflation gauge edges down The US Federal Reserve's preferred inflation gauge came in slightly lower than expected in January, registering 2.8 percent growth over a year ago, according to data released Friday ahead of a key central bank rate-setting meeting next week. The US Federal Reserve's preferred inflation gauge came in slightly lower than expected in January, registering 2.8 percent growth over a year ago, according to data released Friday ahead of a key ce…",https://economictimes.indiatimes.com/markets/us-stocks/news/us-stocks-us-feds-preferred-inflation-gauge-edges-down/articleshow/129556577.cms,2026-03-13 14:11:17+00:00,2026-03-13,Neutral,0.0,0
CoinDesk,"Bitcoin rises to one-month high of $73,800, continuing to outperform since start of Iran war","Falling oil prices are helping, but a bounce seemed in the cards after some of the worst sentiment in bitcoin's history.","Bitcoin BTC $73,738.49 is adding to overnight gains in early U.S. trading on Friday, continuing to show strong relative price action after many months of underperformance to assets like stocks and p…","Bitcoin rises to one-month high of $73,800, continuing to outperform since start of Iran war Falling oil prices are helping, but a bounce seemed in the cards after some of the worst sentiment in bitcoin's history. Bitcoin BTC $73,738.49 is adding to overnight gains in early U.S. trading on Friday, continuing to show strong relative price action after many months of underperformance to assets like stocks and p…",https://www.coindesk.com/markets/2026/03/13/bitcoin-rises-to-usd73-300-continuing-to-outperform-since-iran-war-and-taking-aim-at-one-month-high,2026-03-13 14:27:11+00:00,2026-03-13,Neutral,0.0,0
The Times of India,"Why US stock market surging today: Dow Jones, S&P 500, Nasdaq rise as Russell 2000 leads - PCE inflation data boosts Fed rate-cut hopes","Why US stock market surging today: The Dow Jones stands at 46,809.47, up 131 points. The S&P 500 reaches 6,681.73. The Nasdaq climbs to 22,324.48. The Russell 2000 jumps 1.16%, leading the rally. Nearly 70% of US stocks are advancing. Fresh PCE inflation data…",Why US stock market surging today: The US stock market today is moving higher as investors react to fresh economic data and rising expectations that the Federal Reserve could cut interest rates later…,"Why US stock market surging today: Dow Jones, S&P 500, Nasdaq rise as Russell 2000 leads - PCE inflation data boosts Fed rate-cut hopes Why US stock market surging today: The Dow Jones stands at 46,809.47, up 131 points. The S&P 500 reaches 6,681.73. The Nasdaq climbs to 22,324.48. The Russell 2000 jumps 1.16%, leading the rally. Nearly 70% of US stocks are advancing. Fresh PCE inflation data… Why US stock market surging today: The US stock market today is moving higher as investors react to fresh economic data and rising expectations that the Federal Reserve could cut interest rates later…",https://economictimes.indiatimes.com/news/international/us/why-us-stock-market-surging-today-dow-jones-sp-500-nasdaq-rise-as-russell-2000-leads-pce-inflation-data-boosts-fed-rate-cut-hopes/articleshow/129557556.cms,2026-03-13 14:57:59+00:00,2026-03-13,Neutral,0.0,0
Cointelegraph,"Bitcoin price eyes $74K rematch as US PCE inflation boosts crypto, stocks","Bitcoin bulls squeezed the market toward $74,000 again as promising US inflation data buoyed risk assets, but BTC price forecasts stayed mixed.",Bitcoin (BTC) aimed for five-week highs at Thursdays Wall Street open as US inflation trends stayed on track. Key points: <ul><li>US inflation data keeps crypto and stocks higher as BTC price actio…,"Bitcoin price eyes $74K rematch as US PCE inflation boosts crypto, stocks Bitcoin bulls squeezed the market toward $74,000 again as promising US inflation data buoyed risk assets, but BTC price forecasts stayed mixed. Bitcoin (BTC) aimed for five-week highs at Thursdays Wall Street open as US inflation trends stayed on track. Key points: <ul><li>US inflation data keeps crypto and stocks higher as BTC price actio…",https://cointelegraph.com/markets/bitcoin-price-eyes-74k-rematch-us-pce-inflation-boosts-crypto-stocks,2026-03-13 14:58:30+00:00,2026-03-13,Neutral,0.0,0
CoinDesk,"Circle's USDC volumes top Tether's USDT for first time since 2019, prompting sell-side price target hike","Japanese investment bank Mizuho remains neutral on Circle, but lifted it price target to $120 from $100.","Circles (CRCL) USDC has overtaken Tethers USDT in transaction volumes for the first time since 2019, prompting Japanese investment bank Mizuho to raise its price target for the stablecoin issuer to $…","Circle's USDC volumes top Tether's USDT for first time since 2019, prompting sell-side price target hike Japanese investment bank Mizuho remains neutral on Circle, but lifted it price target to $120 from $100. Circles (CRCL) USDC has overtaken Tethers USDT in transaction volumes for the first time since 2019, prompting Japanese investment bank Mizuho to raise its price target for the stablecoin issuer to $…",https://www.coindesk.com/markets/2026/03/13/circle-s-usdc-volumes-top-tether-s-usdt-for-first-time-since-2019-prompting-sell-side-price-target-hike,2026-03-13 15:18:29+00:00,2026-03-13,Neutral,0.0,0
The Times of India,Why S&P 500 and Nasdaq down today while Dow Jones holds steady: US stock market turns cautious as VIX at 26.49 and Russell 2000 slips 0.34%,"Why S&P 500 and Nasdaq down today while Dow Jones holds steady: US stock market today shows mixed moves. The Dow Jones stands near 46,702, slightly higher. The S&P 500 falls to 6,658, down about 14 points. The Nasdaq drops 100 points to 22,211. The VIX volati…","Why S&amp;P 500 and Nasdaq down today while Dow Jones holds steady: The US stock market today is showing a mixed picture as investors react to rising geopolitical tensions, volatile oil prices, and h…","Why S&P 500 and Nasdaq down today while Dow Jones holds steady: US stock market turns cautious as VIX at 26.49 and Russell 2000 slips 0.34% Why S&P 500 and Nasdaq down today while Dow Jones holds steady: US stock market today shows mixed moves. The Dow Jones stands near 46,702, slightly higher. The S&P 500 falls to 6,658, down about 14 points. The Nasdaq drops 100 points to 22,211. The VIX volati… Why S&amp;P 500 and Nasdaq down today while Dow Jones holds steady: The US stock market today is showing a mixed picture as investors react to rising geopolitical tensions, volatile oil prices, and h…",https://economictimes.indiatimes.com/news/international/us/why-sp-500-and-nasdaq-down-today-while-dow-jones-holds-steady-us-stock-market-turns-cautious-as-vix-at-26-49-and-russell-2000-slips-0-34/articleshow/129559353.cms,2026-03-13 15:38:21+00:00,2026-03-13,Neutral,0.0,0
Yahoo Entertainment,Nasdaq dips into the red as investors digest slower GDP and steady inflation,,"If you click 'Accept all', we and our partners, including 245 who are part of the IAB Transparency &amp; Consent Framework, will also store and / or access information on a device (in other words, us…","Nasdaq dips into the red as investors digest slower GDP and steady inflation If you click 'Accept all', we and our partners, including 245 who are part of the IAB Transparency &amp; Consent Framework, will also store and / or access information on a device (in other words, us…",https://consent.yahoo.com/v2/collectConsent?sessionId=1_cc-session_1cc269fd-7847-483d-92a0-ded39e2c9882,2026-03-13 15:54:00+00:00,2026-03-13,Neutral,0.0,0
The Times of India,"US stocks today: S&P 500, Nasdaq slip as investors assess data, Iran war fallout","US stocks experienced a downturn on Friday, with major indices set to end the week lower amid mixed economic data and escalating Middle East conflict. Investors are now anticipating fewer Federal Reserve rate cuts this year, as rising energy costs and slowing…","The benchmark S&amp;P 500 fell in choppy trading on Friday and was on track to end the week lower, along with the Nasdaq and the Dow, as investors weighed a mixed run of economic data against a widen…","US stocks today: S&P 500, Nasdaq slip as investors assess data, Iran war fallout US stocks experienced a downturn on Friday, with major indices set to end the week lower amid mixed economic data and escalating Middle East conflict. Investors are now anticipating fewer Federal Reserve rate cuts this year, as rising energy costs and slowing… The benchmark S&amp;P 500 fell in choppy trading on Friday and was on track to end the week lower, along with the Nasdaq and the Dow, as investors weighed a mixed run of economic data against a widen…",https://economictimes.indiatimes.com/markets/us-stocks/news/us-stocks-today-sp-500-nasdaq-slip-as-investors-assess-data-iran-war-fallout/articleshow/129560549.cms,2026-03-13 16:33:49+00:00,2026-03-12,Neutral,0.0,0
Yahoo Entertainment,Mizuho Raises HA Sustainable Infrastructure Capital (HASI) Price Target to $41,"HA Sustainable Infrastructure Capital, Inc. (NYSE:HASI) is one of the 10 Best Asset Management Stocks to Buy Right Now. On March 4, 2026, Mizuho raised its...","HA Sustainable Infrastructure Capital, Inc. (NYSE:HASI) is one of the 10 Best Asset Management Stocks to Buy Right Now. Mizuho Raises HA Sustainable Infrastructure Capital (HASI) Price Target to $41…","Mizuho Raises HA Sustainable Infrastructure Capital (HASI) Price Target to $41 HA Sustainable Infrastructure Capital, Inc. (NYSE:HASI) is one of the 10 Best Asset Management Stocks to Buy Right Now. On March 4, 2026, Mizuho raised its... HA Sustainable Infrastructure Capital, Inc. (NYSE:HASI) is one of the 10 Best Asset Management Stocks to Buy Right Now. Mizuho Raises HA Sustainable Infrastructure Capital (HASI) Price Target to $41…",https://finance.yahoo.com/news/mizuho-raises-sustainable-infrastructure-capital-172334987.html,2026-03-13 17:23:34+00:00,2026-03-12,Neutral,0.0,0
The Times of India,"Why are US stock market indexes down today, and will S&P 500, Dow Jones and Nasdaq stay in red or turn green again? Wall Street crash, biggest losers, gainers, analysts insights, market outlook","Why are US stock market indexes down today, and will S&P 500, Dow Jones and Nasdaq stay in red or turn green again? Wall Street closed lower as oil prices rose during the Iran war. Inflation concerns, weak economic data, and technology stock declines pushed m…","Why are US stock market indexes down today, and will S&amp;P 500, Dow Jones and Nasdaq stay in red or turn green again? Investors are asking this question after Wall Street closed lower and recorded …","Why are US stock market indexes down today, and will S&P 500, Dow Jones and Nasdaq stay in red or turn green again? Wall Street crash, biggest losers, gainers, analysts insights, market outlook Why are US stock market indexes down today, and will S&P 500, Dow Jones and Nasdaq stay in red or turn green again? Wall Street closed lower as oil prices rose during the Iran war. Inflation concerns, weak economic data, and technology stock declines pushed m… Why are US stock market indexes down today, and will S&amp;P 500, Dow Jones and Nasdaq stay in red or turn green again? Investors are asking this question after Wall Street closed lower and recorded …",https://economictimes.indiatimes.com/news/international/us/why-are-us-stock-market-indexes-down-today-and-will-sp-500-dow-jones-and-nasdaq-stay-in-red-or-turn-green-again-wall-street-crash-biggest-losers-gainers-analysts-insights-market-outlook-oil-prices-global-energy-supply/articleshow/129564587.cms,2026-03-13 21:43:52+00:00,2026-03-12,Neutral,0.0,0
CNA,"Wall Street closes lower, posts weekly loss as war on Iran fuels inflation worries","“It’s very much an emotional market,” said strategist Paul Nolte.","Trump's comments prompted Iran to tighten its grip on the Strait of Hormuz, conduit for one-fifth of the world's oil. On Thursday, the International Energy Agency said the war will cause the largest-…","Wall Street closes lower, posts weekly loss as war on Iran fuels inflation worries “It’s very much an emotional market,” said strategist Paul Nolte. Trump's comments prompted Iran to tighten its grip on the Strait of Hormuz, conduit for one-fifth of the world's oil. On Thursday, the International Energy Agency said the war will cause the largest-…",https://www.channelnewsasia.com/world/wall-street-us-stocks-iran-israel-war-oil-energy-prices-5992901,2026-03-13 21:48:00+00:00,2026-03-12,Neutral,0.0,0
