source,title,text,url,publishedAt
The Times of India,Global Markets | Wall Street turns to ‘Haven-First’ strategies amid Iran attacks,"Global Markets | Wall Street turns to ‘Haven-First’ strategies amid Iran attacks Global markets are experiencing heightened anxiety due to the fast-moving Middle East conflict. Investors are seeking safety in assets like Treasuries and gold. Energy markets are a key focus for potential volatility. The conflict could lead to higher oil pri… The fastmoving conflict across the Middle East is heightening investor anxiety and strengthening the case for safehaven trades such as Treasuries, gold and the Swiss franc. Macro traders said all eye…",https://economictimes.indiatimes.com/markets/us-stocks/news/global-markets-wall-street-turns-to-haven-first-strategies-amid-iran-attacks/articleshow/128911521.cms,2026-03-01 09:33:11+00:00
Fortune,Your grandparents are the reason the U.S. isn’t in a recession right now. That won’t last forever,"Your grandparents are the reason the U.S. isn’t in a recession right now. That won’t last forever Moody's Mark Zandi and Macquarie's David Doyle on the influence Boomers are wielding in the US economy right now—and how they're preventing a recession. The U.S. economy has a love-hate relationship with its ageing population. In the long term, an older population is a headache: It means a shrinking labor pool leading to slower growth, and increased …",https://fortune.com/2026/03/01/boomer-consumption-investing-labor-jobs-creation-recession/,2026-03-01 10:00:00+00:00
BusinessLine,Middle East tensions may rattle Indian markets; crude spike raises near-term risks,"Middle East tensions may rattle Indian markets; crude spike raises near-term risks JM Financial said that every $1 per barrel increase in crude prices could raise India’s annual import bill by roughly $2 billion Indian equity markets are bracing for heightened volatility as escalating tensions in the Middle East push crude oil prices higher and revive concerns over inflation, trade balances and fiscal stabil…",https://www.thehindubusinessline.com/markets/middle-east-tensions-may-rattle-indian-markets-crude-spike-raises-near-term-risks/article70691232.ece,2026-03-01 10:25:49+00:00
Forbes,Warning: AI Is Coming For Your 401(k),"Warning: AI Is Coming For Your 401(k) Stocks have low earnings yields and TIPS have good yields. Move money from stocks into bonds. Artificial intelligence:boom, bubble or bust? Probably a mix of all three. Whatever comes of it, it increases investment risk. It suggests that a lot of retirees and near-retirees need to rethink the…",https://www.forbes.com/sites/baldwin/2026/02/28/warning-ai-is-coming-for-your-401k/,2026-03-01 11:30:00+00:00
Yahoo Entertainment,Stocks face Iran jitters and a crucial jobs report in the week ahead,"Stocks face Iran jitters and a crucial jobs report in the week ahead If you click 'Accept all', we and our partners, including 246 who are part of the IAB Transparency &amp; Consent Framework, will also store and / or access information on a device (in other words, us…",https://consent.yahoo.com/v2/collectConsent?sessionId=1_cc-session_779d2764-cdf1-4786-b186-4e4295ca49bc,2026-03-01 17:00:00+00:00
Sky.com,Oil prices spike as key shipping route disrupted by Iran attacks,"Oil prices spike as key shipping route disrupted by Iran attacks Global oil prices have risen sharply after Iran's response to the bid for regime change by the US and Israel disrupted shipping, raising the prospect of a new energy-led surge in inflation. Global oil prices have risen sharply after Iran's response to the bid for regime change by the US and Israel disrupted shipping, raising the prospect of a new energy-led surge in inflation. Early tr…",https://news.sky.com/story/oil-prices-spike-as-key-shipping-route-disrupted-by-iran-attacks-13514000,2026-03-01 18:57:00+00:00
ABC News (AU),"Live: Iran strikes set to rattle markets, oil and gold prices jump, Wall Street banks fall on credit quality fears","Live: Iran strikes set to rattle markets, oil and gold prices jump, Wall Street banks fall on credit quality fears Global markets are braced for the fallout from the outbreak of war in the Middle East. Follow the day's events and insights from our business reporters on the ABC News live markets blog. Just where the ASX will end today is hard to tell, but it's a reasonable bet it won't be higher to yet another new record. Even before Operation Epic Fury was unleashed on Iran, ASX 200 futures clos…",https://www.abc.net.au/news/2026-03-02/asx-markets-business-news-live-updates/106403856,2026-03-01 20:09:09+00:00
CNA,"Oil prices surge, stocks skid in flight from risk","Oil prices surge, stocks skid in flight from risk SYDNEY, March 2 : Oil prices surged on Monday and shares slid as military conflict in the Middle East looked set to last weeks, sending investors flocking to the relative safety of the dollar, gold and bonds.Brent jumped 7.5 per cent to $78.34 a barrel, while… SYDNEY, March 2 : Oil prices surged on Monday and shares slid as military conflict in the Middle East looked set to last weeks, sending investors flocking to the relative safety of the dollar, gold a…",https://www.channelnewsasia.com/business/oil-prices-surge-stocks-skid-in-flight-risk-5962541,2026-03-01 23:40:30+00:00
Yahoo Entertainment,"Stock market today: Dow, S&P 500, Nasdaq futures sink, oil prices surge as markets react to Iran conflict","Stock market today: Dow, S&P 500, Nasdaq futures sink, oil prices surge as markets react to Iran conflict Wall Street is reacting to joint attacks from the US and Israel on Iran. Oil and currencies have seen the greatest jumps. US stock futures plummeted Sunday night while oil prices surged, as coordinated military strikes by the US and Israel on Iran jolted global markets. Futures tied to the Dow Jones Industrial Average …",https://finance.yahoo.com/news/live/stock-market-today-dow-sp-500-nasdaq-futures-sink-oil-prices-surge-as-markets-react-to-iran-conflict-235000315.html,2026-03-01 23:50:00+00:00
The Times of India,"Global Market Today | Oil prices surge, stocks skid in flight from risk","Global Market Today | Oil prices surge, stocks skid in flight from risk Middle East conflict escalates, pushing oil prices sharply higher and triggering a sell-off in global shares. Investors seek refuge in the dollar, gold, and bonds as the Strait of Hormuz faces potential disruption. The prolonged conflict risks reigniting infl… SYDNEY: Oil prices surged on Monday and shares slid as military conflict in the Middle East looked set to last weeks, sending investors flocking to the relative safety of the dollar, gold and bonds.B…",https://economictimes.indiatimes.com/markets/us-stocks/news/global-market-today-oil-prices-surge-stocks-skid-in-flight-from-risk/articleshow/128932190.cms,2026-03-02 00:38:26+00:00
Yahoo Entertainment,"US stocks erase sharp losses, while oil prices leap on worries about Iran war","US stocks erase sharp losses, while oil prices leap on worries about Iran war Oil prices leaped Monday on worries that war with Iran could clog the global flow of crude and make inflation even worse. Crude prices jumped more than 6%,... NEW YORK (AP) Oil prices leaped Monday on worries that war with Iran could clog the global flow of crude and make inflation even worse. U.S. stocks, meanwhile, swung from sharp losses to a tiny gain.…",https://finance.yahoo.com/news/us-futures-asian-shares-open-004753990.html,2026-03-02 00:47:53+00:00
The Times of India,"US Stock Market | Amid conflict in Middle East, Wall Street braces for AI-driven volatility as jobs data looms","US Stock Market | Amid conflict in Middle East, Wall Street braces for AI-driven volatility as jobs data looms Wall Street watches artificial intelligence closely. AI could reshape businesses and the economy. Middle East tensions add to investor worries. A key US jobs report is due. Chipmaker Nvidia's results are under scrutiny. Markets are navigating uncertainty… Artificial intelligence is set to remain at the center of Wall Streets attention this week, as investors weigh how deeply the technology could reshape corporate America and the broader economy. Accor…",https://economictimes.indiatimes.com/markets/us-stocks/news/us-stock-market-amid-conflict-in-middle-east-wall-street-braces-for-ai-driven-volatility-as-jobs-data-looms/articleshow/128935663.cms,2026-03-02 03:56:06+00:00
Financial Post,Indian Stocks Erase US Trade Deal Gains on Middle East Conflict,"Indian Stocks Erase US Trade Deal Gains on Middle East Conflict Indian equities tumbled on Monday, tracking declines across most Asian peers, as escalating conflict in the Middle East dented investor sentiment. (Bloomberg) Indian equities tumbled on Monday, tracking declines across most Asian peers, as escalating conflict in the Middle East dented investor sentiment. THIS CONTENT IS RESERVED FOR SUBSCRIBER…",https://financialpost.com/pmn/business-pmn/indian-stocks-erase-us-trade-deal-gains-on-middle-east-conflict,2026-03-02 04:23:03+00:00
Hurriyet Daily News,"Crude soars, stocks drop after US strikes on Iran","Crude soars, stocks drop after US strikes on Iran Oil prices soared and stocks fell in Asia on Monday after U.S.-Israeli strikes on Iran sent investors fleeing the prospect of an extended conflict in the crude-rich Middle East. TEHRAN Fishermen work in front of oil tankers south of the Strait of Hormuz Jan. 19, 2012, offshore the town of Ras Al Khaimah in United Arab Emirates. (AP Photo/Kamran Jebreili, File) Oil prices s…",https://www.hurriyetdailynews.com/crude-soars-stocks-drop-after-us-strikes-on-iran-219471,2026-03-02 04:58:16+00:00
ABC News (AU),'A tax on households': Economists warn Middle East war to spike oil,"'A tax on households': Economists warn Middle East war to spike oil The average household could see $14 added to their weekly petrol bill, a prominent economist has warned. While oil prices have already spiked, analysts are hopeful the conflict will be short-lived, limiting the fallout. Economists warn Australian households face fresh cost-of-living pressures in the form of higher petrol bills, as the Middle East war sees oil prices spike. However, markets have had a fairly modest …",https://www.abc.net.au/news/2026-03-02/iran-us-israel-strikes-middle-east-war-economic-oil-fallout/106405452,2026-03-02 05:03:44+00:00
CoinDesk,"Bitcoin, cryptos under pressure as oil spikes 6% and global markets price in U.S.-Iran conflict","Bitcoin, cryptos under pressure as oil spikes 6% and global markets price in U.S.-Iran conflict Bitcoin fell back to $66,700 as traditional markets opened to their first chance to price the weekend's military escalation, with oil surging to $77 and Asian equities dropping 1.4%. A brief Sunday rally didn't survive contact with Monday. Bitcoin slid to $66,702 in early Monday trading, down 1.1% over the past 24 hours, as traditional markets reopened and began pricing the U.S.…",https://www.coindesk.com/markets/2026/03/02/bitcoin-cryptos-under-pressure-as-oil-spikes-6-and-global-markets-price-in-u-s-iran-conflict,2026-03-02 05:26:20+00:00
The Irish Times,Oil surges and stocks slide as conflict grips Middle East,"Oil surges and stocks slide as conflict grips Middle East Military strikes by the United States and Israel on Iran show no sign of lessening while Iran responds with missile barrages across region Oil prices surged on Monday and shares slid as military conflict in the Middle East looked set to last weeks, threatening to upend a global economic recovery and perhaps reignite inflation. Brent ju…",https://www.irishtimes.com/business/2026/03/02/oil-surges-and-stocks-slide-as-conflict-grips-middle-east/,2026-03-02 06:11:30+00:00
BusinessLine,"Sensex, Nifty tumble 2% as crude spike hits markets, L&T, IndiGo, Adani Ports drag, BEL & ONGC gain","Sensex, Nifty tumble 2% as crude spike hits markets, L&T, IndiGo, Adani Ports drag, BEL & ONGC gain At 12.45 pm, the Sensex had dropped 1,625.94 points or 2.00 per cent to 79,661.25, while the Nifty 50 fell 485.95 points or 1.93 per cent to 24,692.70. Equities slumped sharply on Monday as escalating tensions in the Middle East pushed crude oil prices higher and triggered a shift toward safe-haven assets, dampening investor sentiment. The sell-off …",https://www.thehindubusinessline.com/markets/sensex-nifty-tumble-2-as-crude-spike-hits-markets-lampt-indigo-adani-ports-drag-bel-amp-ongc-gain-stock-market-update-2nd-mar-2026/article70694409.ece,2026-03-02 07:54:24+00:00
The Times of India,US Market Today | Wall Street futures slide as Middle East conflict escalates,"US Market Today | Wall Street futures slide as Middle East conflict escalates U.S. stock ​index futures slid more than 1% on Monday as the Middle East conflict showed no signs of cooling, prompting a rush toward safe-haven assets ahead of a busy week of U.S. economic data. U.S. stock index futures slid more than 1% on Monday as the Middle East conflict showed no signs of cooling, prompting a rush toward safe-haven assets ahead of a busy week of U.S. economic data.Oil p…",https://economictimes.indiatimes.com/markets/us-stocks/news/us-market-today-wall-street-futures-slide-as-middle-east-conflict-escalates/articleshow/128941467.cms,2026-03-02 08:14:35+00:00
The Times of India,"Why are US stock market index futures down and Dow Jones, S&P 500 and Nasdaq in red today? Wall Street futures drop, analysts insights and market outlook explained. Here's what should investors do now","Why are US stock market index futures down and Dow Jones, S&P 500 and Nasdaq in red today? Wall Street futures drop, analysts insights and market outlook explained. Here's what should investors do now Why are US stock market index futures down and Dow Jones, S&P 500 and Nasdaq in red today? Wall Street futures fell more than 1% as Middle East conflict widened. Oil prices rose. Gold gained. Treasury yields hit lows. Investors now await key U.S. economic dat… Why are US stock market index futures down and Dow Jones, S&amp;P 500 and Nasdaq in red today? Wall Street opened the week under pressure as investors reacted to rising tensions in the Middle East an…",https://economictimes.indiatimes.com/news/international/us/why-are-us-stock-market-index-futures-down-and-dow-jones-sp-500-and-nasdaq-in-red-today-wall-street-futures-drop-analysts-insights-and-market-outlook-explained-heres-what-should-investors-do-now/articleshow/128942422.cms,2026-03-02 09:07:17+00:00
Al Jazeera English,"Oil prices rise sharply after US, Israeli attacks on Iran","Oil prices rise sharply after US, Israeli attacks on Iran Brent crude is up by 9 percent amid supply concerns as Trump says ‌strikes on Iran could last weeks. Oil prices have risen sharply, and stocks have slid as United States and Israeli attacks on Iran and retaliatory strikes against Israeli and US military installations in the Middle East have disrupte…",https://www.aljazeera.com/news/2026/3/2/oil-prices-rise-sharply-after-us-israeli-attacks-on-iran,2026-03-02 09:27:13+00:00
Financial Post,"Gold pares gains as traders weigh Iran war, Fed rate outlook","Gold pares gains as traders weigh Iran war, Fed rate outlook Gold pared some of its early gains as traders weighed the prospect of the Federal Reserve raising interest rates to tame inflation. Read on Gold pared some of its early gains as traders weighed the prospect of the Federal Reserve raising interest rates to tame inflation spurred by the conflict in the Middle East. THIS CONTENT IS RESERVE…",https://financialpost.com/commodities/gold-climbs-war-drives-safe-assets-demand,2026-03-02 10:51:31+00:00
Fortune,Tariffs meet oil shock: Corporate margins face a new squeeze,"Tariffs meet oil shock: Corporate margins face a new squeeze Tariffs and the Iran conflict are converging to drive up costs and uncertainty for corporate finance leaders. Good morning. Just as companies were adjusting to tariffs, the Iran conflict has delivered a fresh energy shock, potentially reviving inflation risks and squeezing margins.On Sunday evening, as inves…",https://fortune.com/2026/03/02/tariffs-meet-oil-shock-corporate-margins-face-new-squeeze-cfo/,2026-03-02 13:04:46+00:00
Cointelegraph,Will Bitcoin crash if oil prices hit $100 per barrel?,"Will Bitcoin crash if oil prices hit $100 per barrel? Oil prices are rising amid the US-Iran conflict, but whether Bitcoin will suffer is up for debate, as history suggests a bullish BTC price outlook. Bitcoin (BTC) initially dropped before paring all losses, leaving market participants wondering what higher oil prices would mean for BTC price going forward. Key takeaways: <ul><li>Escalating Mid…",https://cointelegraph.com/news/will-bitcoin-crash-if-oil-prices-100-dollars-per-barrel,2026-03-02 13:18:51+00:00
CBS News,"Stock futures dive, oil prices jump as U.S. war in Iran rattles investors","Stock futures dive, oil prices jump as U.S. war in Iran rattles investors Stock markets in the U.S. are poised to drop amid concerns that the U.S.-Israel attacks on Iran could drive up energy costs. U.S. stock futures tumbled in premarket trading Monday as global oil prices soared amid signs that U.S.-Israel military strikes in Iran were expanding across the region, raising concerns about potent…",https://www.cbsnews.com/news/stock-market-today-oil-prices-iran-impact/,2026-03-02 13:18:54+00:00
Boston Herald,Global markets roiled and energy prices soar with US pressing attack on Iran,"Global markets roiled and energy prices soar with US pressing attack on Iran Futures for the S&P 500 and Dow Jones Industrial Average each sank about 1%. By ELAINE KURTENBACH and MICHELLE CHAPMAN, AP Business Writers Military strikes on Iran rattled global markets on Monday with U.S. futures following markets in Europe and Asia lower. Energy prices r…",https://www.bostonherald.com/2026/03/02/global-markets-iran/,2026-03-02 13:36:51+00:00
24/7 Wall St.,"Why Many Retirees Are Underestimating Healthcare Usage, Not Just Costs","Why Many Retirees Are Underestimating Healthcare Usage, Not Just Costs Most retirement planning conversations around healthcare start and end with a single number. Fidelity’s 2025 estimate puts lifetime healthcare spending at... Most retirement planning conversations around healthcare start and end with a single number. Fidelity's 2025 estimate puts lifetime healthcare spending at $172,500 for a 65-year-old retiring today. M…",https://247wallst.com/investing/2026/03/02/why-many-retirees-are-underestimating-healthcare-usage-not-just-costs/,2026-03-02 13:37:17+00:00
Cointelegraph,Energym AI dystopia goes viral as crypto projects tout user-owned AI agents,"Energym AI dystopia goes viral as crypto projects tout user-owned AI agents A Black Mirror‑style “Energym” spoof imagining 80% of jobs lost to AI is circulating as tech companies begin slashing thousands of roles, and white-collar job openings hit decade lows. A viral spoof Energym advertisement set in a 2030s world where 80% of people have lost their jobs to artificial intelligence has struck a nerve as companies accelerate automation, job openings slump …",https://cointelegraph.com/news/energym-ai-spoof-block-layoffs-job-openings-citrini-scenario,2026-03-02 13:53:05+00:00
Ritholtz.com,"Transcript: MiB: Jeff Chang, President and Co-Founder of Vest","Transcript: MiB: Jeff Chang, President and Co-Founder of Vest The transcript from this week’s, MiB: Jeff Chang, President and Co-Founder of Vest, is below. You can stream and download our full conversation, including any podcast extras, on Apple Podcasts, Spotify, YouTube (video), YouTube (audio), and Bloomberg. All of … The transcript from this weeks, MiB: Jeff Chang, President and Co-Founder of Vest, is below. You can stream and download our full conversation, including any podcast extras, on Apple Podcasts, Spoti…",https://ritholtz.com/2026/03/transcript-mib-jeff/,2026-03-02 14:00:53+00:00
MarketWatch,"Here’s how far oil is away from dragging stocks into a bear market, according to Morgan Stanley","Here’s how far oil is away from dragging stocks into a bear market, according to Morgan Stanley History shows market can recover quite quickly from geopolitical shocks The conflict between the U.S. and Israel against Iran has caused oil prices to spike. - atta kenare/Agence France-Presse/Getty Images War in the Middle East has triggered a sharp risk-off reaction a…",https://www.marketwatch.com/story/heres-how-far-oil-is-away-from-dragging-stocks-into-a-bear-market-according-to-morgan-stanley-b8e1932b,2026-03-02 14:33:00+00:00
The Times of India,US stocks today: Nasdaq drops over 1% on fears of protracted Middle East conflict,"US stocks today: Nasdaq drops over 1% on fears of protracted Middle East conflict Wall ​Street's ​main indexes opened lower ​on Monday as investors braced for ‌a ⁠prolonged ⁠Middle East conflict ​that threatened to disrupt ​global trade routes and reignite inflationary ​pressures. Wall Street stocks were moderately lower early Monday as the war initiated by US-Israeli attacks on Iran expanded across the Middle East, lifting oil prices.About 20 minutes into trading, the Dow Jon…",https://economictimes.indiatimes.com/markets/us-stocks/news/us-stocks-today-nasdaq-drops-over-1-on-fears-of-protracted-middle-east-conflict/articleshow/128949371.cms,2026-03-02 14:37:19+00:00
The Times of India,Lockheed Martin (LMT) stock jumps while S&P 500 slides – why investors are rushing to defence stocks as US-Iran conflict escalates,"Lockheed Martin (LMT) stock jumps while S&P 500 slides – why investors are rushing to defence stocks as US-Iran conflict escalates Lockheed Martin stock today: Defense stocks, including Lockheed Martin, surged over 5% as Middle East military escalation prompted investors to seek safety in the sector. This rally occurred despite broader market declines, with futures for the S&P 500 falli… Lockheed Martin stock today: Shares of Lockheed Martin Corp moved sharply higher Monday, rising more than 5% in premarket trading as investors rushed into defense names following a dramatic military …",https://economictimes.indiatimes.com/news/international/us/lockheed-martin-lmt-stock-jumps-while-sp-500-slides-why-investors-are-rushing-to-defence-stocks-as-us-iran-conflict-escalates/articleshow/128949246.cms,2026-03-02 14:40:09+00:00
NPR,Oil prices surge and stocks fall amid fears over Iran war,"Oil prices surge and stocks fall amid fears over Iran war Global oil prices are in the high $70s as traffic through Strait of Hormuz comes to a halt. Some analysts have warned they could top $100 a barrel if the stoppage is prolonged. Global crude oil prices surged by about 8% and stocks fell as the war with Iran enters its third day. Brent crude, the global benchmark, was trading in the high $70s on Monday morning following the …",https://www.npr.org/2026/03/02/nx-s1-5732287/iran-war-oil-gasoline-prices,2026-03-02 14:42:13+00:00
The Times of India,"US stock market big crash today: Why Dow, S&P 500, Nasdaq in deep red today? Oil, gas and gold prices surge — here are the defence and energy stocks gaining big","US stock market big crash today: Why Dow, S&P 500, Nasdaq in deep red today? Oil, gas and gold prices surge — here are the defence and energy stocks gaining big US stock market crash today erased over 500 Dow points as oil prices spiked 13% after US–Israel strikes on Iran. The Dow Jones fell 1.1%. The S&P 500 dropped 1%. The Nasdaq slid 1.1% in heavy selloff trading. Brent crude jumped above $82. WTI surged near $73.… US stock market crash today shook Wall Street as investors reacted instantly to escalating tensions in the Middle East. The Dow Jones Industrial Average fell more than 500 points at its lowest level …",https://economictimes.indiatimes.com/news/international/us/us-stock-market-big-crash-today-why-dow-sp-500-nasdaq-in-deep-red-today-oil-gas-and-gold-prices-surge-here-are-the-defence-and-energy-stocks-gaining-big/articleshow/128949438.cms,2026-03-02 14:48:54+00:00
CBS News,"What is the price of gold today: March 2, 2026?","What is the price of gold today: March 2, 2026? The price of gold has seen remarkable growth over the past year. Here's where it sits as of March 2, 2026. The price of gold is hovering around a record high as of early March. Getty Images/iStockphoto While the price of gold changes throughout the day, every day, there's been one constant that investor…",https://www.cbsnews.com/news/price-of-gold-today-march-2-2026/,2026-03-02 15:12:10+00:00
The Times of India,"Why S&P 500 crashing amid US-Iran war and Middle East chaos? S&P 500 down -0.65% while oil, gold, Bitcoin and safe-haven assets are rallying as markets reprice risk","Why S&P 500 crashing amid US-Iran war and Middle East chaos? S&P 500 down -0.65% while oil, gold, Bitcoin and safe-haven assets are rallying as markets reprice risk The S&P 500 fell 0.65% today as investors reacted to the escalating US-Iran war and rising Middle East tensions. The Dow Jones Industrial Average and Nasdaq Composite also slipped in early trading. At the same time, oil prices surged over 6%, with WTI crude a… The S&amp;P 500 fell 0.5% to 6,860.71 after U.S.Israeli airstrikes on Iran jolted global markets and pushed oil prices sharply higher. Traders immediately priced in geopolitical risk. WTI crude jumpe…",https://economictimes.indiatimes.com/news/international/us/why-sp-500-crashing-amid-us-iran-war-and-middle-east-chaos-sp-500-down-0-65-while-oil-gold-bitcoin-and-safe-haven-assets-are-rallying-as-markets-reprice-risk/articleshow/128949749.cms,2026-03-02 15:27:58+00:00
Jezebel,Splinter: Trump Has Bet the Economy on War With Iran,"Splinter: Trump Has Bet the Economy on War With Iran One day does not make a trend, but it’s clear that Iran is willing to weaponize oil prices against us for now, and if we see a sustained rise in energy prices, Trump may get his ultimate wish to take America back to the early 1980s, Volcker shock and all. There are of course, a million different horrors to focus on in Americas latest quagmire in the Middle East, and the economy is not more paramount than the immediate threat to the lives of people acr…",https://www.jezebel.com/trump-has-bet-the-economy-on-war-with-iran,2026-03-02 15:59:31+00:00
Yahoo Entertainment,What Makes CSW Industrials (CSW) a Lucrative Investment?,"What Makes CSW Industrials (CSW) a Lucrative Investment? SouthernSun Asset Management, LLC, an investment management firm, released its “SouthernSun Small Cap Strategy” fourth-quarter 2025 investor letter. A copy... SouthernSun Asset Management, LLC, an investment management firm, released its SouthernSun Small Cap Strategy fourth-quarter 2025 investor letter. A copy of the letter can be downloaded here. During …",https://finance.yahoo.com/news/makes-csw-industrials-csw-lucrative-161220743.html,2026-03-02 16:12:20+00:00
Business Insider,One of Wall Street's biggest stock bulls reveals the level oil prices have to reach to derail his rosy forecast,"One of Wall Street's biggest stock bulls reveals the level oil prices have to reach to derail his rosy forecast Oil prices are surging after conflict with Iran broke out over the weekend. Mike Wilson says crude would have to spike a lot more to derail the bull case for stocks. Oil prices are surging after the US and Israel attacked Iran this weekend, and one of Wall Street's top stock bulls is eyeing a key threshold that would derail his upbeat outlook for this year. Bre…",https://www.businessinsider.com/oil-prices-stock-market-impact-brent-forecast-mike-wilson-wti-2026-3,2026-03-02 16:46:23+00:00
The Times of India,Why is Nasdaq suddenly up today? S&P 500 and Nasdaq Composite jump despite Iran crisis shock — here’s what’s boosting Nasdaq sentiment,"Why is Nasdaq suddenly up today? S&P 500 and Nasdaq Composite jump despite Iran crisis shock — here’s what’s boosting Nasdaq sentiment The Nasdaq Composite rose 80.79 points to 22,749.00, up 0.36%, after falling 1.6% earlier today. Investors first sold on Iran strike fears. Then they bought the dip. Strong gains in NVIDIA Corporation and Microsoft Corporation lifted the tech-heavy index. The… The Nasdaq Composite climbed 80.79 points to 22,749.00, rising 0.36% after falling as much as 1.6% earlier in the session. Investors reacted sharply at the open to escalating Middle East tensions fol…",https://economictimes.indiatimes.com/news/international/us/why-is-nasdaq-suddenly-up-today-sp-500-and-nasdaq-composite-jump-despite-iran-crisis-shock-heres-whats-boosting-nasdaq-sentiment/articleshow/128951850.cms,2026-03-02 17:10:29+00:00
Business Insider,How spiking oil prices could hurt stock prices and the economy,"How spiking oil prices could hurt stock prices and the economy Higher oil prices could impact consumers and businesses, potentially stoking a fresh bout of inflation if energy costs remain elevated. Oil prices spiked in the wake of the US attacks on Iran, with analysts and strategists eyeing negative consequences for markets and the economy if energy prices see a sustained rise. Brent oil rose…",https://www.businessinsider.com/oil-price-stock-market-impact-global-economy-iran-inflation-energy-2026-3,2026-03-02 17:47:53+00:00
CBS News,What does 1 gram of 24K gold cost in today's market?,"What does 1 gram of 24K gold cost in today's market? Gold prices have more than doubled since 2020. Here's exactly what one gram of 24K gold will cost you right now. With gold prices as high as they are right now, it makes sense to know the actual cost of a gram of 24 karat gold. Tamer Soliman/Getty Images Gold has never been a particularly quiet asset, but wha…",https://www.cbsnews.com/news/what-does-1-gram-of-24k-gold-cost-in-march-2026/,2026-03-02 18:58:59+00:00
CBS News,"Why a $10,000 CD account is worth opening this March","Why a $10,000 CD account is worth opening this March The interest earnings on a $10,000 CD remain substantial, but that's not the only reason why you should open one now. Savers can easily stack up their interest earnings by opening a high-rate CD account this March. Getty Images/iStockphoto The opening days of a new month are often a smart time for savers to recons…",https://www.cbsnews.com/news/why-10000-cd-account-is-worth-opening-march-2026/,2026-03-02 19:03:03+00:00
ABC News (AU),"Live: oil rises above $US79 a barrel, Wall Street muted","Live: oil rises above $US79 a barrel, Wall Street muted Australian stocks are likely to fall after a fairly muted session on Wall Street, while crude oil prices have shot up above $US79 a barrel as conflict grips Middle East. Follow the latest updates in our live blog. Oil and gas prices surged while the US dollar and safe-haven gold rallied on Monday as the US-Israeli air war against Iran widened and looked set to last for weeks, prompting worries that it could up…",https://www.abc.net.au/news/2026-03-03/asx-markets-business-live-news-march03-2026/106408326,2026-03-02 20:43:35+00:00
Breitbart News,"Breitbart Business Digest: A Fed Mistake, Not Higher Oil Prices, Is the Biggest Threat After the Iran Strike","Breitbart Business Digest: A Fed Mistake, Not Higher Oil Prices, Is the Biggest Threat After the Iran Strike Financial markets on Monday indicated that any damage to the U.S. economy from the military conflict between the U.S. and Iran is likely to be minimal. The post Breitbart Business Digest: A Fed Mistake, Not Higher Oil Prices, Is the Biggest Threat After the I… We Have Nothing to Fear Except Fed Fears of Oil-Driven Inflation Financial markets on Monday indicated that any damage to the U.S. economy from the military conflict between the U.S. and Iran is lik…",https://www.breitbart.com/economy/2026/03/02/breitbart-business-digest-a-fed-mistake-not-higher-oil-prices-is-the-biggest-threat-after-the-iran-strike/,2026-03-02 22:38:57+00:00
Yahoo Entertainment,Treasuries Rout Shows Iran Conflict Reigniting Inflation Worry,"Treasuries Rout Shows Iran Conflict Reigniting Inflation Worry Inflation is re-emerging as the crucial worry in the $30 trillion Treasuries market as investors see the risk of a protracted conflict in the Mideast that... Inflation is re-emerging as the crucial worry in the $30 trillion Treasuries market as investors see the risk of a protracted conflict in the Mideast that keeps crude prices elevated. For weeks, have…",https://finance.yahoo.com/video/treasuries-rout-shows-iran-conflict-224205876.html,2026-03-02 22:42:05+00:00
Financial Post,Asia Poised for Weak Open After Treasuries Sink: Markets Wrap,"Asia Poised for Weak Open After Treasuries Sink: Markets Wrap Asian stocks faced fresh pressure Tuesday as the Iran war sent oil prices surging, stoking inflation fears that weighed on bonds but left US stocks little changed. The dollar and gold rallied as investors sought havens. (Bloomberg) Asian stocks faced fresh pressure Tuesday as the Iran war sent oil prices surging, stoking inflation fears that weighed on bonds but left US stocks little changed. The dollar and gold ral…",https://financialpost.com/pmn/business-pmn/asia-poised-for-weak-open-after-treasuries-sink-markets-wrap,2026-03-02 23:08:47+00:00
The Times of India,Global Market Today | Asian stocks drop as inflation concerns sink bonds,"Global Market Today | Asian stocks drop as inflation concerns sink bonds Asian markets dipped Tuesday as soaring oil prices, driven by Middle East tensions, ignited inflation fears. This surge prompted investors to dial back expectations for imminent interest rate cuts. The dollar held firm, while gold saw a slight uptick. Bond … Asian stocks opened lower Tuesday as a surge in oil prices linked to the Middle East conflict fueled inflation concerns, prompting traders to scale back bets on interest-rate cuts.Shares opened lower…",https://economictimes.indiatimes.com/markets/us-stocks/news/global-market-today-asian-stocks-drop-as-inflation-concerns-sink-bonds/articleshow/128957305.cms,2026-03-03 00:55:46+00:00
The Times of India,"US Stock Market | Wall Street ends narrowly mixed, trading volatile after air strikes on Iran","US Stock Market | Wall Street ends narrowly mixed, trading volatile after air strikes on Iran Gains in energy, tech and defense stocks offset losses in other sectors. The Dow Jones Industrial Average fell 0.15% to 48,904.78 points, while the S&P ‌500 gained 0.04% to ⁠6,881.60 points ⁠and the Nasdaq Composite gained 0.36%, to 22,748.86 points. U.S. stocks finished steady on Monday, clawing back early losses during a volatile session after U.S. and Israeli air strikes on Iran roiled global markets.Investors bought the dip with some enthusia…",https://economictimes.indiatimes.com/markets/us-stocks/news/wall-street-ends-narrowly-mixed-trading-volatile-after-air-strikes-on-iran/articleshow/128957311.cms,2026-03-03 00:56:38+00:00
Hurriyet Daily News,Oil extends gains and stocks drop as Iran conflict spreads,"Oil extends gains and stocks drop as Iran conflict spreads Oil prices extended gains and equities fell Tuesday as investors kept tabs on the Middle East as the United States and Israel continued to bombard Iran, while Tehran launched further strikes on neighbours. TEHRAN Oilprices extended gains and equities fell Tuesday as investors kept tabs on the Middle East as the United States and Israel continued to bombard Iran, while Tehran launched further strikes o…",https://www.hurriyetdailynews.com/oil-extends-gains-and-stocks-drop-as-iran-conflict-spreads-219523,2026-03-03 05:55:42+00:00
The Punch,"Oil extends gains, stocks dive as Iran conflict spreads","Oil extends gains, stocks dive as Iran conflict spreads Oil prices surge and equities fall as the conflict in Iran escalates, closing the Strait of Hormuz and sparking fears of a global energy crisis and inflati Read More: https://punchng.com/oil-extends-gains-stocks-dive-as-iran-conflict-spreads/ Oil prices extended gains while the dollar and equities tumbled on Tuesday as investors kept tabs on the Middle East, where the United States and Israel continued to bombard Iran, while Tehran launch…",https://punchng.com/oil-extends-gains-stocks-dive-as-iran-conflict-spreads/,2026-03-03 07:53:30+00:00
Financial Post,Unflappable Wall Street Bulls Stick to Calls for 2026 Rally,"Unflappable Wall Street Bulls Stick to Calls for 2026 Rally Two months into the year, the S&P 500 Index has gone nowhere. That’s not a huge knock, given the shocks markets have endured, from geopolitical unrest to AI disruption threats. (Bloomberg) Two months into the year, the S&amp;P 500 Index has gone nowhere. Thats not a huge knock, given the shocks markets have endured, from geopolitical unrest to AI disruption threats. THIS C…",https://financialpost.com/pmn/business-pmn/unflappable-wall-street-bulls-stick-to-calls-for-2026-rally,2026-03-03 11:04:17+00:00
The Times of India,US Stocks Today | Wall Street futures slide as Middle East conflict stokes inflation worries,"US Stocks Today | Wall Street futures slide as Middle East conflict stokes inflation worries Global markets tumbled Tuesday as escalating Middle East tensions, particularly concerning the Strait of Hormuz, sent oil and gas prices soaring. This surge fueled inflation fears, prompting investors to delay expectations of Federal Reserve interest rate cut… The Nasdaq led losses among U.S. stock index futures with a 2.3% drop on Tuesday as investors assessed the fallout of U.S. and Israeli strikes on Iran on inflation and global trade.Tehran's threat to…",https://economictimes.indiatimes.com/markets/us-stocks/news/us-stocks-today-wall-street-futures-slide-as-middle-east-conflict-stokes-inflation-worries/articleshow/128969485.cms,2026-03-03 11:37:19+00:00
CoinDesk,Oil shock and inflation fears drag down bitcoin,"Oil shock and inflation fears drag down bitcoin The day ahead in crypto: March 3, 2026 By Francisco Rodrigues (All times ET unless indicated otherwise) Bitcoin fell more than 3.5% to below $67,000 as escalating tensions in the Middle East drove investors out of risk assets and into th…",https://www.coindesk.com/daybook-us/2026/03/03/oil-shock-and-inflation-fears-drag-down-bitcoin,2026-03-03 12:15:00+00:00
CoinDesk,"Bitcoin could slide further on liquidity squeeze, but long-term bull case intact: Sygnum CIO","Bitcoin could slide further on liquidity squeeze, but long-term bull case intact: Sygnum CIO Fabian Dori says a short-term liquidity squeeze is driving crypto’s slump, with further downside possible, though improving macro data and fundamentals could speed a recovery. Bitcoins BTC $66,913.69 volatility is likely to remain elevated in the near term, and prices could fall further, as crypto markets grapple with a liquidity squeeze and deeply fractured sentiment, ac…",https://www.coindesk.com/markets/2026/03/02/bitcoin-could-slide-further-on-liquidity-squeeze-but-long-term-bull-case-intact-sygnum-cio,2026-03-03 12:55:03+00:00
The Times of India,US Stocks Today | Nasdaq drops over 2% as Middle East conflict fans inflation fears,"US Stocks Today | Nasdaq drops over 2% as Middle East conflict fans inflation fears Wall Street’s main indexes opened sharply lower as investors weighed the impact of a widening Middle East conflict on inflation and global trade. The Dow, S&P 500, and Nasdaq all retreated at the opening bell, reflecting growing concerns over geopolitical ris… Wall Street's main indexes opened sharply lower on Tuesday as investors braced for the impact of a widening conflict in the Middle East on inflation and global trade.The Dow Jones Industrial Average …",https://economictimes.indiatimes.com/markets/us-stocks/news/us-stocks-today-us-stocks-open-lower-as-middle-east-conflict-fans-inflation-fears/articleshow/128976863.cms,2026-03-03 14:35:05+00:00
The Times of India,Is a recession coming? Why global stock markets are crashing right now as more than $3.2 trillion in market value evaporates and Brent crude nears $85 a barrel amid the US-Israel-Iran war,"Is a recession coming? Why global stock markets are crashing right now as more than $3.2 trillion in market value evaporates and Brent crude nears $85 a barrel amid the US-Israel-Iran war Is a recession coming? Global stock market crash wipes out $3.2 trillion in 48 hours as oil prices surge near $85 on US-Israel-Iran war fears. WTI jumped almost 9% in a single session. Investors reacted to escalating US-Israel-Iran war tensions and supply ris… Global Stock Market Crash 2026: How the US-Israel-Iran War Is Pushing Oil to $85 and Threatening a World Recession - On Monday morning, March 3, 2026, investors around the world woke up to losses the…",https://economictimes.indiatimes.com/news/international/us/is-a-recession-coming-why-global-stock-markets-are-crashing-right-now-as-more-than-3-2-trillion-in-market-value-evaporates-and-brent-crude-nears-85-a-barrel-amid-the-us-israel-iran-war/articleshow/128977112.cms,2026-03-03 14:41:01+00:00
The Times of India,"US stock market big jolt today: Why are Dow, S&P 500 and Nasdaq crashing? Dow Jones sinks 1,000 points, Nasdaq tumbles 500 amid oil surge and war fears","US stock market big jolt today: Why are Dow, S&P 500 and Nasdaq crashing? Dow Jones sinks 1,000 points, Nasdaq tumbles 500 amid oil surge and war fears The US stock market crash today erased over 1,000 points from the Dow in hours. The Dow Jones Industrial Average fell 1,047 points, down 2.14%. The S&P 500 dropped 1.93%. The Nasdaq plunged more than 500 points, down 2.01%. This sharp stock market selloff fol… The US stock market crash today shocked Wall Street with a brutal 1,047-point drop in the Dow. The Dow Jones Industrial Average fell 2.14% to 47,857.78. The S&amp;P 500 slid 1.93% to 6,748.83. The NA…",https://economictimes.indiatimes.com/news/international/us/us-stock-market-big-jolt-today-why-are-dow-sp-500-and-nasdaq-crashing-dow-jones-sinks-1000-points-nasdaq-tumbles-500-amid-oil-surge-and-war-fears/articleshow/128977900.cms,2026-03-03 14:55:06+00:00
Yahoo Entertainment,"Stock market today: Dow plunges over 1,100 points, S&P 500 and Nasdaq sink as oil surges amid war worries","Stock market today: Dow plunges over 1,100 points, S&P 500 and Nasdaq sink as oil surges amid war worries The fresh wave of Israeli-led attacks has jolted markets that on Monday mostly managed to shake off the initial shock of the outbreak. US stocks sold off on Tuesday after Israel and US jets launched new strikes on Iran, as the widening conflict stoked worries about a drawn-out regional war. The Dow Jones Industrial Average (^DJI) f…",https://finance.yahoo.com/news/live/stock-market-today-dow-plunges-over-1100-points-sp-500-and-nasdaq-sink-as-oil-surges-amid-war-worries-150425235.html,2026-03-03 15:04:25+00:00
Yahoo Entertainment,"Stock market today: Dow falls by 700 points, S&P 500 and Nasdaq sink as oil surges amid war worries","Stock market today: Dow falls by 700 points, S&P 500 and Nasdaq sink as oil surges amid war worries The fresh wave of Israeli-led attacks has jolted markets that on Monday mostly managed to shake off the initial shock of the outbreak. US stocks sold off on Tuesday after Israel and US jets launched new strikes on Iran, as the widening conflict stoked worries about a drawn-out regional war. The Dow Jones Industrial Average (^DJI) f…",https://finance.yahoo.com/news/live/stock-market-today-dow-falls-by-700-points-sp-500-and-nasdaq-sink-as-oil-surges-amid-war-worries-150425336.html,2026-03-03 15:04:25+00:00
The Times of India,"Dow Jones just had its biggest crash since April 2025: Why is the Dow down more than 1,200 points as gold and silver prices crash too? Here is why markets are collapsing today","Dow Jones just had its biggest crash since April 2025: Why is the Dow down more than 1,200 points as gold and silver prices crash too? Here is why markets are collapsing today The Dow Jones biggest crash sent shockwaves across Wall Street today. The Dow Jones Industrial Average plunged 1,212 points, down 2.30%, its first 1,000-point drop since April 2025. The US stock market selloff followed an 8% surge in oil prices after Iran thr… Dow Jones Just Had Its Biggest Crash Since April 2025: Wall Street just got hit with its hardest punch in nearly a year. The Dow Jones Industrial Average crashed 1,212 points on Tuesday a 2.30% wipeo…",https://economictimes.indiatimes.com/news/international/us/dow-jones-just-had-its-biggest-crash-since-april-2025-why-is-the-dow-down-more-than-1100-points-as-gold-and-silver-prices-crash-too-here-is-why-markets-are-collapsing-today/articleshow/128978413.cms,2026-03-03 15:17:03+00:00
CBS News,"Target posts another quarter of slipping sales, touts signs of improvement","Target posts another quarter of slipping sales, touts signs of improvement Target reported another quarter of lower sales and profits as the discounter struggles to regain its footing in an environment where it has faced still-high inflation and shopper boycotts. Target reported another quarter of declining sales and profits as it works to regain its footing with customers facing higher prices almost everywhere, but the retailer offered a profit outlook that …",https://www.cbsnews.com/minnesota/news/target-sales-decline-inflation-immigration-clashes/,2026-03-03 15:25:56+00:00
Cointelegraph,Bitcoin dives 3% on global asset rout as $5K gold 'smashed' on oil fears,"Bitcoin dives 3% on global asset rout as $5K gold 'smashed' on oil fears Bitcoin bulls gave up their latest mission to reclaim $70,000 as Iran escalation sparked oil supply fears that gripped stocks and gold. Bitcoin (BTC) erased its latest trip to $70,000 on Tuesday as Middle East tensions sparked a global asset sell-off. Key points: <ul><li>Bitcoin and major asset classes all fall after the closure of…",https://cointelegraph.com/news/bitcoin-dives-3-percent-asset-rout-5k-gold-smashed-oil-fears,2026-03-03 15:42:06+00:00
The Times of India,"US stock market Dow Jones, S&P 500 and Nasdaq crash today biggest losers and gainers: Here's complete list, Analysts insights, market outlook and what should investors do now","US stock market Dow Jones, S&P 500 and Nasdaq crash today biggest losers and gainers: Here's complete list, Analysts insights, market outlook and what should investors do now US stock market Dow Jones, S&P 500 and Nasdaq crash today biggest losers and gainers as global stocks fall and oil prices rise after Iran conflict widens. Investors track inflation, Federal Reserve rate cuts, Treasury yields, airline stocks, Blackstone fund w… US stock market Dow Jones, S&amp;P 500 and Nasdaq crash today biggest losers and gainers reflects a sharp shift in investor mood as global markets react to rising oil prices and Iran war tension. Wal…",https://economictimes.indiatimes.com/news/international/us/us-stock-market-dow-jones-sp-500-and-nasdaq-crash-today-biggest-losers-and-gainers-heres-complete-list-analysts-insights-market-outlook-and-what-should-investors-do-now/articleshow/128981477.cms,2026-03-03 16:35:53+00:00
CNA,Stocks tumble as energy price jump ignites inflation fears,"Stocks tumble as energy price jump ignites inflation fears NEW YORK/LONDON, March 3 : Stock indexes around the world tumbled and government bonds rose with the dollar on Tuesday, as a widening conflict in the Middle East pushed oil prices up sharply for a second straight day and exacerbated investor concerns about in… NEW YORK/LONDON, March 3 : Stock indexes around the world tumbled and government bonds rose with the dollar on Tuesday, as a widening conflict in the Middle East pushed oil prices up sharply for a se…",https://www.channelnewsasia.com/business/stocks-tumble-energy-price-jump-ignites-inflation-fears-5965626,2026-03-03 17:12:25+00:00
CNA,Stocks fall globally as energy price jump ignites inflation fears,"Stocks fall globally as energy price jump ignites inflation fears NEW YORK/LONDON, March 3 : Stock indexes around the world lost ground while the dollar rose on Tuesday, as a widening conflict in the Middle East created safe-haven demand and pushed oil prices up sharply, exacerbating investor concerns about inflation. Oil f… NEW YORK/LONDON, March 3 : Stock indexes around the world lost ground while the dollar rose on Tuesday, as a widening conflict in the Middle East created safe-haven demand and pushed oil prices up sh…",https://www.channelnewsasia.com/business/stocks-fall-globally-energy-price-jump-ignites-inflation-fears-5965626,2026-03-03 17:12:25+00:00
Yahoo Entertainment,Gold tumbles amid broader market sell-off as dollar rises,Gold tumbles amid broader market sell-off as dollar rises Gold tumbled 4% on Tuesday as the broader market rolled over amid a widening Middle East conflict. Gold (GC=F) tumbled as much as 4% on Tuesday as a sharp move higher in the US dollar put pressure on precious metals and investors went risk-off across the broader market. Bullion touched its lowest…,https://finance.yahoo.com/news/gold-tumbles-amid-broader-market-sell-off-as-dollar-rises-181434869.html,2026-03-03 18:14:34+00:00
The Times of India,"Why didn't US avert stock market Dow Jones, S&P 500 and Nasdaq crash today like UAE? Analysts insights, market outlook and what should investors do now","Why didn't US avert stock market Dow Jones, S&P 500 and Nasdaq crash today like UAE? Analysts insights, market outlook and what should investors do now Why didn't US avert stock market Dow Jones, S&P 500 and Nasdaq crash today like UAE? Wall Street fell as oil prices surged after Iran conflict and Strait of Hormuz threat. Dow Jones, S&P 500 and Nasdaq declined amid inflation fears, rising 10 year Treasury yi… Why didn't US avert stock market Dow Jones, S&amp;P 500 and Nasdaq crash today like UAE? This question gained attention after global markets reacted to rising tension linked to Iran and the Strait of…",https://economictimes.indiatimes.com/news/international/us/why-didnt-us-avert-stock-market-dow-jones-sp-500-and-nasdaq-crash-today-like-uae-analysts-insights-market-outlook-and-what-should-investors-do-now/articleshow/128986567.cms,2026-03-03 18:39:06+00:00
Boston Herald,Wall Street recovers from war jitters,"Wall Street recovers from war jitters A sell-off for stocks wrapped around the world and hit Wall Street yesterday, while oil prices climbed even higher on worries about the widening war with Iran. But the big moves that rocked markets in the morning eased substantially as the day progressed. A sell-off for stocks wrapped around the world and hit Wall Street yesterday, while oil prices climbed even higher on worries about the widening war with Iran. But the big moves that rocked markets i…",https://www.bostonherald.com/2026/03/03/wall-street-recovers-from-war-jitters/,2026-03-03 21:47:58+00:00
Yahoo Entertainment,"Stock market today: Dow, S&P 500, Nasdaq futures pare losses as Iran war volatility continues","Stock market today: Dow, S&P 500, Nasdaq futures pare losses as Iran war volatility continues Wall Street is scrambling to settle as the war in the Middle East is causing volatility across the board. US stock futures nudged into the green on Wednesday following a seesaw day on Wall Street as investors kept a watchful eye on signs the Iran conflict could break out into regional war. Contracts on …",https://finance.yahoo.com/news/live/stock-market-today-dow-sp-500-nasdaq-futures-turn-higher-as-iran-war-volatility-continues-234948079.html,2026-03-03 23:49:48+00:00
Yahoo Entertainment,"Stock market today: Dow, S&P 500, Nasdaq futures fall as Iran reportedly calls for talks to end conflict","Stock market today: Dow, S&P 500, Nasdaq futures fall as Iran reportedly calls for talks to end conflict Investors are weighing a NYT report that Iran has indirectly approached the US to discuss terms for ending the conflict. US stock futures edged lower on Wednesday following a seesaw day on Wall Street after a report that Iran has indirectly approached the US to discuss terms for ending the escalating conflict. Contrac…",https://finance.yahoo.com/news/live/stock-market-today-dow-sp-500-nasdaq-futures-fall-as-iran-reportedly-calls-for-talks-to-end-conflict-234948450.html,2026-03-03 23:49:48+00:00
The Times of India,US Stock Market | What war? Bulls stick to calls for 2026 rally,"US Stock Market | What war? Bulls stick to calls for 2026 rally Despite early year market stagnation and global shocks like geopolitical unrest and AI disruption, Wall Street bulls remain optimistic for the S&P 500, targeting a 10% rise by year-end 2026. Strategists cite expected strong US economic growth and corporate ea… Two months into the year, the S&amp;P 500 Index has gone nowhere. That's not a huge knock, given the shocks markets have endured, from geopolitical unrest to AI disruption threats.But it's a far cry …",https://economictimes.indiatimes.com/markets/us-stocks/news/us-stock-market-what-war-bulls-stick-to-calls-for-2026-rally/articleshow/128998008.cms,2026-03-04 00:16:19+00:00
The Times of India,"Global Market Today | Asian stocks extend slide to third day, oil gains","Global Market Today | Asian stocks extend slide to third day, oil gains Asian stocks extended their slide as the war in Iran threatens global inflation and prompts traders to pare bets on Federal Reserve interest-rate cuts. Oil prices edged up amid concerns over shipping through the Strait of Hormuz, while gold rebounded. Markets… Asian stocks extended their slide into a third day and oil edged up as the war in Iran threatens to unleash a wave of global inflation and traders pare bets for interest-rate cuts by the Federal Rese…",https://economictimes.indiatimes.com/markets/us-stocks/news/global-market-today-asian-stocks-extend-slide-to-third-day-oil-gains/articleshow/128999523.cms,2026-03-04 01:07:40+00:00
CoinDesk,"Bitcoin holds, ether, solana slide as Mideast woes drag Asian equities to multi-year lows","Bitcoin holds, ether, solana slide as Mideast woes drag Asian equities to multi-year lows The largest cryptocurrency briefly reclaimed the top of its range on Tuesday before sellers pushed it back to $67,000, while South Korean stocks posted their worst two-day drop since 2008. Bitcoin has now dropped from the $70,000 level three times since the Feb. 5 crash as Wednesday's Asian session found the market back at $67,600 after another failed attempt earlier in the week. BTC …",https://www.coindesk.com/markets/2026/03/04/bitcoin-holds-ether-solana-slide-as-mideast-woes-drag-asian-equities-to-multi-year-lows,2026-03-04 05:06:46+00:00
The Times of India,Global Market | Energy shock threat looms over global growth outlook,"Global Market | Energy shock threat looms over global growth outlook Markets are experiencing sharp swings due to strikes on Iran. Investors worry about oil supply disruptions and rising inflation. Oil prices have climbed, impacting stock markets. Global bonds saw initial weakness. Inflation expectations are increasing. The Fe… Markets experienced a second straight session of sharp and erratic price swings after U.S. and Israeli strikes on Iran over the weekend intensified geopolitical tensions. A key concern for investors …",https://economictimes.indiatimes.com/markets/us-stocks/news/global-market-energy-shock-threat-looms-over-global-growth-outlook/articleshow/129007769.cms,2026-03-04 05:24:01+00:00
Hurriyet Daily News,"Seoul tanks as Asian stocks tumble, oil extends gains on Iran war","Seoul tanks as Asian stocks tumble, oil extends gains on Iran war Seoul shares collapsed more than 12 percent as Asian equity markets were hit by panic selling Wednesday, while oil rose amid fears the U.S.-Israel war on Iran will fan inflation and hammer the global economy. SEOUL An oil tanker is pictured offshore in Dubai on March 1, 2026. Seoul shares collapsed more than 12 percent as Asian equity markets were hit by panic selling Wednesday, while oil rose amid fea…",https://www.hurriyetdailynews.com/seoul-tanks-as-asian-stocks-tumble-oil-extends-gains-on-iran-war-219573,2026-03-04 05:30:09+00:00
The Indian Express,"War concerns, surging crude prices: Why stock markets are nosediving again","War concerns, surging crude prices: Why stock markets are nosediving again All sectoral indices of both the NSE and BSE are in the red. Analysts say markets are heading into a period of heightened uncertainty amid the war. The Indian stock market is sharply down for the second straight session as the war in west Asia intensifies and raises concerns about potential shocks to crude oil supplies. The indices have so far f…",https://indianexpress.com/article/explained/explained-economics/war-concerns-surging-crude-prices-why-stock-markets-are-nosediving-again-10564297/,2026-03-04 06:09:19+00:00
Wired,How Is Kalshi Not Gambling?,"How Is Kalshi Not Gambling? Kalshi lets you place bets on everything from football games to foreign invasions. The prediction market’s CEO, Tarek Mansour, says this doesn’t count as gambling—and is actually good for society. No matter what mechanism, theres still a bet made. Maybe you are offering a better deal. As far as the customer is concerned, its as if your particular casino is offering better odds. Better prices …",https://www.wired.com/story/big-interview-tarek-mansour-kalshi/,2026-03-04 11:00:00+00:00
Financial Post,Chart Watchers See Risks of S&P 500 Correction Amid War Jitters,"Chart Watchers See Risks of S&P 500 Correction Amid War Jitters For two straight days, US stocks have started deep in the red as the war in the Middle East turned investors risk averse. Both times dip buyers rode to the rescue midday, wiping out much of the earlier drops. (Bloomberg) For two straight days, US stocks have started deep in the red as the war in the Middle East turned investors risk averse. Both times dip buyers rode to the rescue midday, wiping out much …",https://financialpost.com/pmn/business-pmn/chart-watchers-see-risks-of-sp-500-correction-amid-war-jitters,2026-03-04 12:07:06+00:00
The Times of India,"Why US stock futures suddenly surged today: Dow, S&P 500 and Nasdaq turn green — Is Wall Street returning to its growth path now?","Why US stock futures suddenly surged today: Dow, S&P 500 and Nasdaq turn green — Is Wall Street returning to its growth path now? US stock futures turned green early Wednesday. Dow futures jumped to 48,598. S&P 500 futures climbed to 6,837. Nasdaq futures rose to 24,824. The rebound followed a sharp sell-off on Wall Street a day earlier. Markets reacted after reports said Iran quietly a… US stock futures surged early Wednesday, signaling a possible rebound on Wall Street after a volatile trading session. Dow futures rose to 48,598, up 38 points (0.08%), while S&amp;P 500 futures clim…",https://economictimes.indiatimes.com/news/international/us/why-us-stock-futures-suddenly-surged-today-dow-futures-sp-500-and-nasdaq-turn-green-is-wall-street-returning-to-its-growth-path-now/articleshow/129025557.cms,2026-03-04 12:09:27+00:00
Alltoc.com,Why are markets tumbling now? #world,Why are markets tumbling now? #world Markets reprice risk after Middle East conflict Global equity markets and commodities moved sharply as investors reacted to an abrupt escalation of military strikes in the Middle East. U.S. stock indexes fell: the Dow dropped about 400 points while the S&P 50… Global equity markets and commodities moved sharply as investors reacted to an abrupt escalation of military strikes in the Middle East. U.S. stock indexes fell: the Dow dropped about 400 points whil…,https://alltoc.com/world/why-are-markets-tumbling-now,2026-03-04 12:11:56+00:00
Yahoo Entertainment,Asian Markets in Free Fall as Oil Price Surge Stokes Inflation Fears,"Asian Markets in Free Fall as Oil Price Surge Stokes Inflation Fears Surging oil prices driven by Middle East conflict and the closure of the Strait of Hormuz have ignited inflation fears across Asia, leading to massive... Investors in Asia are dumping technology stocks as they brace for an inflation shock from the surging oil prices that would delay interest rate cuts or even lead to increased rates. The Seoul market…",https://finance.yahoo.com/news/asian-markets-free-fall-oil-124600259.html,2026-03-04 12:46:00+00:00
Yahoo Entertainment,"Stock market today: Dow, S&P 500, Nasdaq rise on Iran war hopes, upbeat jobs data","Stock market today: Dow, S&P 500, Nasdaq rise on Iran war hopes, upbeat jobs data If you click 'Accept all', we and our partners, including 246 who are part of the IAB Transparency &amp; Consent Framework, will also store and / or access information on a device (in other words, us…",https://consent.yahoo.com/v2/collectConsent?sessionId=1_cc-session_c9c2b6bd-2238-4496-88e6-c32a6132e8cf,2026-03-04 14:35:16+00:00
Yahoo Entertainment,"Goldman says global equities face correction risks, but bear market unlikely","Goldman says global equities face correction risks, but bear market unlikely March 4 (Reuters) - Goldman Sachs sees ""correction risks"" to global stocks in the near term due to worries about geopolitics, AI disruption and elevated... March 4 (Reuters) - Goldman Sachs sees ""correction risks"" to global stocks in the near term due to worries about geopolitics, AI disruption and elevated valuations, though the Wall Street bank sees l…",https://ca.finance.yahoo.com/news/goldman-says-global-equities-face-145520332.html,2026-03-04 14:55:20+00:00
The Times of India,"Why US stock market rebounds today despite geopolitical tensions? Dow Jones, S&P 500 and Nasdaq surge as oil and commodity prices move markets","Why US stock market rebounds today despite geopolitical tensions? Dow Jones, S&P 500 and Nasdaq surge as oil and commodity prices move markets US stock market rebounds today despite geopolitical tensions. The Dow Jones falls 95 points to 48,405. Yet the S&P 500 rises to 6,821 and the Nasdaq jumps to 22,627. Strong US jobs data drives early optimism. ADP reports 63,000 new private payrolls, beating t… US stocks staged a sharp rebound Wednesday morning after February's private payroll numbers crushed forecasts and Iran quietly signaled it wants to talk peace. The S&amp;P 500 rose to 6,826, the Nasd…",https://economictimes.indiatimes.com/news/international/us/why-us-stock-market-rebounds-today-despite-geopolitical-tensions-dow-jones-slips-while-sp-500-and-nasdaq-surge-as-oil-and-commodity-prices-move-markets/articleshow/129033708.cms,2026-03-04 15:00:40+00:00
CoinDesk,"Coinbase, Strategy lead crypto stocks higher as bitcoin spikes above $72,000","Coinbase, Strategy lead crypto stocks higher as bitcoin spikes above $72,000 Crypto-related equities saw large gains at the Wednesday open, rebounding from Tuesday's selloff. Crypto-related stocks opened the Wednesday U.S. session with sizable gains as bitcoin BTC $71 150,61 surged above $72,000 for the first time in almost a month. Crypto exchange Coinbase (COIN) jumpe…",https://www.coindesk.com/markets/2026/03/04/coinbase-strategy-lead-crypto-stocks-higher-as-bitcoin-spikes-above-usd72-000,2026-03-04 15:11:19+00:00
The Times of India,"Dow Jones surges over 300 points today: Why Dow is up more than 0.6% as S&P 500 and Nasdaq rally - Bitcoin jumps above $70,000","Dow Jones surges over 300 points today: Why Dow is up more than 0.6% as S&P 500 and Nasdaq rally - Bitcoin jumps above $70,000 Dow Jones surged 302 points to 48,804, rising 0.62% in today’s US stock market. The rally comes despite the US-Iran war tensions. The S&P 500 climbed to 6,875 (+0.87%). The Nasdaq jumped to 22,844 (+1.46%) led by tech stocks like Nvidia and Tesla. Investors g… Dow Jones Industrial Average jumped 302.86 points to 48,804.13, rising 0.62%, even as the US-Iran conflict continues to dominate global headlines. At the same time, the S&amp;P 500 climbed 59.32 poin…",https://economictimes.indiatimes.com/news/international/us/dow-jones-surges-over-300-points-today-why-dow-is-up-more-than-0-6-as-sp-500-and-nasdaq-rally-while-bitcoin-jumps-above-70000/articleshow/129035749.cms,2026-03-04 15:40:47+00:00
Yahoo Entertainment,Goldman’s top strategist warns stocks are flashing the same warning signs as before the 2008 financial crisis,Goldman’s top strategist warns stocks are flashing the same warning signs as before the 2008 financial crisis Peter Oppenheimer—who correctly called U.S. underperformance and the global rotation—now sees elevated risk of a correction. One of Wall Streets most closely watched equity strategists is sounding an alarm: The stock market is exhibiting some of the same dangerous characteristics it did in the run-up to the Global Financia…,https://finance.yahoo.com/news/goldman-top-strategist-warns-stocks-162315608.html,2026-03-04 16:23:15+00:00
CNA,"US, European stocks rise as oil takes a pause and crypto rallies","US, European stocks rise as oil takes a pause and crypto rallies NEW YORK/LONDON, March 4 : U.S. equities followed Europe higher on Wednesday as oil prices steadied after their dramatic two-day rally and a surge in cryptocurrencies encouraged investors to take on risk even while they cautiously monitored the Middle East wa… NEW YORK/LONDON, March 4 : U.S. equities followed Europe higher on Wednesday as oil prices steadied after their dramatic two-day rally and a surge in cryptocurrencies encouraged investors to take on …",https://www.channelnewsasia.com/business/us-european-stocks-rise-oil-takes-pause-and-crypto-rallies-5968661,2026-03-04 17:45:47+00:00
CNA,"US, European stocks rise as oil steps back and crypto rallies","US, European stocks rise as oil steps back and crypto rallies NEW YORK/LONDON, March 4 : After some steep losses in Asian markets, U.S. and European shares were rising on Wednesday as oil prices took a step back after a dramatic two-day rally and a jump in cryptocurrency encouraged investors even while they cautiously m… NEW YORK/LONDON, March 4 : After some steep losses in Asian markets, U.S. and European shares were rising on Wednesday as oil prices took a step back after a dramatic two-day rally and a jump in cryp…",https://www.channelnewsasia.com/business/us-european-stocks-rise-oil-steps-back-and-crypto-rallies-5968661,2026-03-04 17:45:47+00:00
Yahoo Entertainment,"Bitcoin tops $73,000 as investors look for a hedge, crypto stocks surge after Kraken news","Bitcoin tops $73,000 as investors look for a hedge, crypto stocks surge after Kraken news Bitcoin topped $73,000 as strategists point to crypto's resilience amid the Middle East conflict. Bitcoin (BTC-USD) rose 8% on Wednesday, with strategists pointing to the token's resilience amid market volatility tied to the Middle East conflict. A move to integrate digital assets into the US ma…",https://finance.yahoo.com/news/bitcoin-tops-73000-as-investors-look-for-a-hedge-crypto-stocks-surge-after-kraken-news-175357273.html,2026-03-04 17:53:57+00:00
Newser,Stocks Rebound After Oil Prices Stop Spiking,"Stocks Rebound After Oil Prices Stop Spiking The US stock market rebounded Wednesday after oil prices stopped spiking and reports gave encouraging updates on the economy. The S&P 500 rose 52.87 points, or 0.8%, to 6,869.50, erasing much of its loss since the war with Iran began. The Dow Jones Industrial… Oil prices moderated through the day. After briefly topping $84 per barrel, the price for a barrel of Brent crude, the international standard, settled at $81.40, back to where it was a day earlier. A…",https://www.newser.com/story/384816/stocks-rebound-after-oil-prices-stop-spiking.html,2026-03-04 21:48:45+00:00
Breitbart News,Breitbart Business Digest: Wall Street Panickers Lose Again,"Breitbart Business Digest: Wall Street Panickers Lose Again The war may continue. But the market panic, at least for now, seems to be looking for an exit strategy. The post Breitbart Business Digest: Wall Street Panickers Lose Again appeared first on Breitbart. Wall Street Stops Hyperventilating Over Iran Is the Iran War panic already over? Look, we know the war is not over. It may not even be close to over. But the market is no longer signaling a war dru…",https://www.breitbart.com/economy/2026/03/04/breitbart-business-digest-wall-street-panickers-lose-again/,2026-03-04 23:27:13+00:00
The Times of India,US Stock Market | US stocks close up on Iran diplomacy hopes; tech leads rebound,"US Stock Market | US stocks close up on Iran diplomacy hopes; tech leads rebound Indian markets mirrored global trends as US stocks surged on Wednesday. Investor fears eased following reports of Iran's openness to talks and President Trump's commitment to stabilize oil markets. Tech shares saw renewed interest, boosting the Nasdaq. The S&… U.S. stocks closed up on Wednesday, after a news report that Iran had signaled openness to talks and a pledge by President Donald Trump to steady oil markets calmed investor anxiety about the Mideast…",https://economictimes.indiatimes.com/markets/us-stocks/news/us-stock-market-us-stocks-close-up-on-iran-diplomacy-hopes-tech-leads-rebound/articleshow/129061649.cms,2026-03-05 01:45:42+00:00
Hurriyet Daily News,"Seoul leads rebound across Asian stocks, oil extends gains","Seoul leads rebound across Asian stocks, oil extends gains Asian equities jumped Thursday after a three-day rout sparked by the Middle East war, but concerns about an extended conflict helped oil extend gains, while analysts warned of more volatility ahead. SEOUL Asian equities jumped Thursday after a three-day rout sparked by the Middle East war, but concerns about an extended conflict helped oil extend gains, while analysts warned of more volatility …",https://www.hurriyetdailynews.com/seoul-leads-rebound-across-asian-stocks-oil-extends-gains-219618,2026-03-05 05:54:33+00:00
CoinDesk,"Ether, solana, xrp surge 8% as crypto markets rally on easing war fears","Ether, solana, xrp surge 8% as crypto markets rally on easing war fears Ether surged 7.5%, dogecoin jumped 7.5%, and solana added 5.3% as global equities rebounded and $700 million flowed into U.S. spot bitcoin ETFs since the start of March. Bitcoin finally got through the door. The largest cryptocurrency broke above $72,000 on Thursday, its highest level since before the Feb. 5 crash and the first clean move above the $70,000 ceiling t…",https://www.coindesk.com/markets/2026/03/05/ether-solana-xrp-surge-8-as-crypto-markets-rally-on-easing-war-fears,2026-03-05 06:29:26+00:00
The Times of India,"Why are US stock market index futures down today and Dow Jones, S&P 500 and Nasdaq in red now? Wall Street futures big crash today, analysts insights and market outlook explained. Here's what should investors do now","Why are US stock market index futures down today and Dow Jones, S&P 500 and Nasdaq in red now? Wall Street futures big crash today, analysts insights and market outlook explained. Here's what should investors do now Why are US stock market index futures down today and Dow Jones, S&P 500 and Nasdaq in red now? Wall Street futures moved lower as investors reacted to Middle East war developments, rising oil prices and inflation concerns. Dow, S&P 500 and Nasdaq futures fell… Why are US stock market index futures down today and Dow Jones, S&amp;P 500 and Nasdaq in red now? Investors across global markets are asking this question as Wall Street futures moved lower in early…",https://economictimes.indiatimes.com/news/international/us/why-are-us-stock-market-index-futures-down-today-and-dow-jones-sp-500-and-nasdaq-in-red-now-wall-street-futures-big-crash-today-analysts-insights-and-market-outlook-explained-heres-what-should-investors-do-now/articleshow/129081160.cms,2026-03-05 09:28:13+00:00
Yahoo Entertainment,"Stocks Slip Before the Open as Bond Yields Climb on Inflation Worries, U.S. Economic Data on Tap","Stocks Slip Before the Open as Bond Yields Climb on Inflation Worries, U.S. Economic Data on Tap If you click 'Accept all', we and our partners, including 246 who are part of the IAB Transparency &amp; Consent Framework, will also store and / or access information on a device (in other words, us…",https://consent.yahoo.com/v2/collectConsent?sessionId=1_cc-session_c42ac50f-ee35-4ab5-b7a9-59a43330f053,2026-03-05 11:32:18+00:00
CoinDesk,"Bitcoin holds above $72,000 as crypto market pauses after breakout","Bitcoin holds above $72,000 as crypto market pauses after breakout BTC and ETH edge higher during Asia and Europe hours as traders assess macro risks, derivatives positioning and whether bitcoin can sustain a push toward $80,000. The crypto market was little changed on Thursday, with bitcoin BTC $72,786.79 and ether (ETH) posting gains of less than 1% as investors consolidated following Wednesday's breakout. While bitcoin c…",https://www.coindesk.com/markets/2026/03/05/bitcoin-holds-above-usd72-000-as-crypto-market-pauses-after-breakout,2026-03-05 11:39:38+00:00
Boston Herald,World shares advance as oil prices climb higher and Iran launches new attacks,"World shares advance as oil prices climb higher and Iran launches new attacks Uncertainty about the war in the Middle East has been rattling financial markets. By ELAINE KURTENBACH, AP Business Writer BANGKOK (AP) World shares advanced Thursday, while U.S. futures slipped as Iran launched more missiles at Israel on the sixth day of the war in the Middle Ea…",https://www.bostonherald.com/2026/03/05/financial-markets-iran-war/,2026-03-05 12:27:20+00:00
Barchart.com,How Is Newmont's Stock Performance Compared to Other Gold Miners’ Stocks?,"How Is Newmont's Stock Performance Compared to Other Gold Miners’ Stocks? As Newmont has outperformed its industry peers recently, analysts remain highly optimistic about the stock’s prospects. Valued at a market cap of $128.9 billion, Newmont Corporation (NEM) is one of the largest gold mining companies based in Denver, Colorado. It also maintains a significant global footprint in the extr…",https://www.barchart.com/story/news/584404/how-is-newmont-s-stock-performance-compared-to-other-gold-miners-stocks,2026-03-05 14:12:12+00:00
Yahoo Entertainment,Strong Results Lifted Shopify (SHOP) in Q4,"Strong Results Lifted Shopify (SHOP) in Q4 Baron Capital, an investment management company, released its Q4 2025 letter for its “Baron Global Opportunity Fund”. A copy of the letter can be downloaded ... Baron Capital, an investment management company, released its Q4 2025 letter for its Baron Global Opportunity Fund. A copy of the letter can be downloaded here. Baron Global Opportunity Fund showcase…",https://finance.yahoo.com/news/strong-results-lifted-shopify-shop-141531424.html,2026-03-05 14:15:31+00:00
The Verge,Prediction markets in the news are a dangerous gamble,"Prediction markets in the news are a dangerous gamble Today on Decoder, let’s talk about prediction markets, which continue to insert themselves into the news cycle and the news itself in increasingly weird, unsettling, and potentially illegal ways. My guest today is Liz Lopatto, senior reporter at The Verge, w… <ul><li></li><li></li><li></li></ul> Prediction markets in the news are a dangerous gamble Why platforms like Kalshi and Polymarket want so badly to be seen as sources of news, instead of anything-…",https://www.theverge.com/podcast/889177/prediction-markets-news-gambling-polymarket-kalshi-iran-war-regulation,2026-03-05 14:59:00+00:00
Barchart.com,Stocks Pressured by Rising Oil Prices and Bond Yields,"Stocks Pressured by Rising Oil Prices and Bond Yields The S&P 500 Index ($SPX ) (SPY ) today is down -0.26%, the Dow Jones Industrial Average ($DOWI ) (DIA ) is down -0.80%, and the Nasdaq 100 Index ($IUXX... In addition, damage from an intercepted Iranian drone caused a major fire on Tuesday at the United Arab Emirates' major oil-trading hub, Fujairah, one of the largest oil storage centers in the Middle…",https://www.barchart.com/story/news/586076/stocks-pressured-by-rising-oil-prices-and-bond-yields,2026-03-05 15:17:56+00:00
The Times of India,Dow down 400 points while Nasdaq rises: Why Dow Jones drops over 400 points today while Nasdaq stays in green — S&P 500 also slips as US stock market shows mixed signals,"Dow down 400 points while Nasdaq rises: Why Dow Jones drops over 400 points today while Nasdaq stays in green — S&P 500 also slips as US stock market shows mixed signals Dow down 400 points while Nasdaq up: The US stock market shows mixed signals today. The Dow Jones Industrial Average dropped 465 points to 48,274, down 0.95%. The S&P 500 fell to 6,848, losing 0.30%. But the Nasdaq Composite stayed slightly positive at 22,809… Dow down 400 points while Nasdaq up: The US stock market showed a mixed picture today, with the Dow Jones Industrial Average plunging more than 400 points while the Nasdaq stayed slightly in the gree…",https://economictimes.indiatimes.com/news/international/us/dow-down-400-points-while-nasdaq-rises-why-dow-jones-drops-over-400-points-today-while-nasdaq-stays-in-green-sp-500-also-slips-as-us-stock-market-shows-mixed-signals/articleshow/129098995.cms,2026-03-05 15:22:33+00:00
CNA,"US and European stocks fall as Iran war drives oil rally, bond selloff","US and European stocks fall as Iran war drives oil rally, bond selloff NEW YORK/LONDON, March 5 : Equities fell on Wall Street and in Europe on Thursday and government bonds sold off, while the dollar climbed, as oil prices jumped on supply fears amid intensifying fighting on the sixth day of the U.S.-Israeli war with Iran. The … NEW YORK/LONDON, March 5 : Equities fell on Wall Street and in Europe on Thursday and government bonds sold off, while the dollar climbed, as oil prices jumped on supply fears amid intensifying fight…",https://www.channelnewsasia.com/business/us-and-european-stocks-fall-iran-war-drives-oil-rally-bond-selloff-5974421,2026-03-05 15:23:30+00:00
CBS News,What gold investing alternatives are worth considering this March?,"What gold investing alternatives are worth considering this March? Gold is trading at over $5,100 an ounce, but that high price doesn't mean you're limited in your investment options. Gold's meteoric rise has made it too pricey for some investors, but there are alternatives worth weighing now. Getty Images/iStockphoto Gold's remarkable rise over the past year has pushed the prec…",https://www.cbsnews.com/news/gold-investing-alternatives-to-consider-march-2026/,2026-03-05 15:31:17+00:00
CoinDesk,"Bitcoin pulls back to near $71,000 even as software sector soars","Bitcoin pulls back to near $71,000 even as software sector soars The two battered markets have had a nearly one-to-one correlation in recent months, but are moving in opposite directions on Thursday. Bitcoins BTC $72,578.05 early-week rally began to fade after U.S. markets opened Thursday, sending the cryptocurrency by nearly 2% over the past 24 hours to $71,400. The move comes alongside declin…",https://www.coindesk.com/markets/2026/03/05/bitcoin-pulls-back-to-usd71-000-even-as-software-sector-soars,2026-03-05 15:57:23+00:00
CoinDesk,Crypto for Advisors: Tokenization offers always-on global investment access,"Crypto for Advisors: Tokenization offers always-on global investment access Using blockchain technology, tokenization is creating a new, always-on investment market, giving people worldwide easy and fractional access to wealth-building assets. In todays newsletter, Nick Ducoff, head of institutional growth at the Solana Foundation, draws a parallel between tokenizations ability to democratize investment access and how the Internet facilita…",https://www.coindesk.com/coindesk-indices/2026/03/04/crypto-for-advisors-tokenization-offers-always-on-global-investment-access,2026-03-05 16:00:00+00:00
Yahoo Entertainment,Stocks Fall as Crude Oil Surge Stokes Inflation Fears,"Stocks Fall as Crude Oil Surge Stokes Inflation Fears If you click 'Accept all', we and our partners, including 246 who are part of the IAB Transparency &amp; Consent Framework, will also store and / or access information on a device (in other words, us…",https://consent.yahoo.com/v2/collectConsent?sessionId=1_cc-session_a5f0a228-facf-4e41-948d-201811477374,2026-03-05 16:22:57+00:00
The Times of India,"US stock market today dow jones crash 800 points: Dow, S&P 500 and Nasdaq all in deep red — What’s happening to Wall Street today?","US stock market today dow jones crash 800 points: Dow, S&P 500 and Nasdaq all in deep red — What’s happening to Wall Street today? US stock market today Dow Jones crash 800 points: The Dow Jones Industrial Average fell to 47,993.41 (-746 points, 1.53%). The S&P 500 dropped to 6,814.83 (-0.80%), while the Nasdaq slipped to 22,697.67 (-0.48%). Investors reacted fast. Oil prices surged afte… US stock market today Dow Jones crash 800 points: The US stock market today witnessed a sharp sell-off as investors reacted to surging oil prices and rising geopolitical tensions in the Middle East. …",https://economictimes.indiatimes.com/news/international/us/us-stock-market-today-dow-jones-crash-800-points-dow-sp-500-and-nasdaq-all-in-deep-red-whats-happening-to-wall-street-today/articleshow/129101437.cms,2026-03-05 16:27:17+00:00
Yahoo Entertainment,GOP Senators Advocate For $200 Billion Tax Cut Without Congressional Approval Ahead Of Midterms: Report,"GOP Senators Advocate For $200 Billion Tax Cut Without Congressional Approval Ahead Of Midterms: Report Republican senators Ted Cruz (R-TX) and Tim Scott (R-SC) are reportedly advocating for a $200 billion tax cut that would not require congressional approval, ... Republican senators Ted Cruz (R-TX) and Tim Scott (R-SC) are reportedly advocating for a $200 billion tax cut that would not require congressional approval, as the GOP seeks to boost its economic sta…",https://finance.yahoo.com/news/gop-senators-advocate-200-billion-163045914.html,2026-03-05 16:30:45+00:00
NBC News,Stocks slide and oil prices climb as Iran says it could counter ground invasion,"Stocks slide and oil prices climb as Iran says it could counter ground invasion U.S. stocks slid Thursday and the price of oil continued to climb amid ongoing conflict in the Middle East U.S. stocks slid Thursday and the price of oil continued to climb amid ongoing conflict in the Middle East. After a relatively calm trading session on Wednesday, the price of U.S. crude oil shot hig…",https://www.nbcnews.com/business/markets/stocks-slide-oil-prices-climb-iran-says-counter-ground-invasion-rcna261952,2026-03-05 18:23:00+00:00
Business Insider,"Most of the US economy is already in a recession, and GDP is only being propped up by tech, market vet says","Most of the US economy is already in a recession, and GDP is only being propped up by tech, market vet says Wall Street veteran Jim Paulsen said tech is the only bright spot in the economy, comparing the bifurcation to the Mag 7 vs. the rest of the S&P 500. The US economy has proven more resilient than many feared, but one Wall Street veteran says that a recession is only being held back by tech. Jim Paulsen, a markets strategist with more than 40 yea…",https://www.businessinsider.com/recession-economy-us-tech-wall-street-strategist-investing-stocks-market-2026-3,2026-03-05 19:01:52+00:00
CBS News,"Dow plunges more than 1,000 points amid concerns about surging oil prices","Dow plunges more than 1,000 points amid concerns about surging oil prices Stocks are falling sharply on Wall Street on Thursday as oil prices rise further because of the war with Iran. Stocks plunged Thursday, with the Dow Jones Industrial Average tumbling more than 1,000 points as oil prices jumped amid the war with Iran. Higher energy prices are sparking concerns on Wall Street t…",https://www.cbsnews.com/news/stock-market-down-today-dow-jones-oil-prices-inflation/,2026-03-05 19:41:17+00:00
Fortune,"Dow drops 1,000 as oil spikes on Trump’s Middle Eastern regime change adventure","Dow drops 1,000 as oil spikes on Trump’s Middle Eastern regime change adventure Prices at U.S. gas pumps have already jumped. The average price for a gallon is $3.25, up 9% from $2.98 a week ago, according to auto club AAA. Stocks are falling sharply on Wall Street Thursday, including a 1,000-point slump for the Dow Jones Industrial Average, as oil prices rise further because of the war with Iran.The S&amp;P 500 sank 1.…",https://fortune.com/2026/03/05/dow-drops-1000-markets-react-oil-spikes-iran-war-middle-east/,2026-03-05 19:55:12+00:00
ABC News (AU),"Live: Oil spikes 4pc while Australian dollar tumbles 1pc, ASX to fall","Live: Oil spikes 4pc while Australian dollar tumbles 1pc, ASX to fall A tumble on Wall Street is likely to send Australian stocks sharply lower, while oil prices surged 4 per cent as the Middle East war enters its sixth day. Follow the latest updates in our live blog. US stocks extended losses on Thursday afternoon as the Middle East conflict entered its sixth day, pushing oil prices higher and spurring worries about inflation and whether the Federal Reserve will …",https://www.abc.net.au/news/2026-03-06/asx-markets-business-live-news-march06-2026/106422840,2026-03-05 20:42:15+00:00
Yahoo Entertainment,US regulators say banks won't face extra capital charges on tokenized securities,"US regulators say banks won't face extra capital charges on tokenized securities U.S. banking regulators clarified on Thursday that banks should ‌not have to hold additional capital against losses when ‌dealing with blockchain-based... By Pete Schroeder and Hannah Lang WASHINGTON, March 5 (Reuters) - U.S. banking regulators clarified on Thursday that banks should not have to hold additional capital against losses when dealing with…",https://finance.yahoo.com/news/us-regulators-banks-wont-face-205750992.html,2026-03-05 20:57:50+00:00
Yahoo Entertainment,US regulators say banks won't face extra capital charges on tokenized securities,"US regulators say banks won't face extra capital charges on tokenized securities By Pete Schroeder and Hannah Lang WASHINGTON, March 5 (Reuters) - U.S. banking regulators clarified on Thursday that banks should not have to hold additional... By Pete Schroeder and Hannah Lang WASHINGTON, March 5 (Reuters) - U.S. banking regulators clarified on Thursday that banks should not have to hold additional capital against losses when dealing with…",https://finance.yahoo.com/news/us-regulators-banks-wont-face-205750625.html,2026-03-05 21:02:12+00:00
Yahoo Entertainment,"Stock market today: Dow plummets, S&P 500 and Nasdaq fall as oil surges to highest levels since 2024","Stock market today: Dow plummets, S&P 500 and Nasdaq fall as oil surges to highest levels since 2024 Wall Street is in a downward pattern after days of volatility. Markets have been buffeted by developments in the conflict in Iran, now entering it's sixth... Data released by the Labor Department showed that 213,000 people filed initial jobless claims in the week ended Feb. 28. The count of claims, steady from the previous week's revised level, was below…",https://finance.yahoo.com/news/live/stock-market-today-dow-plummets-sp-500-and-nasdaq-fall-as-oil-surges-to-highest-levels-since-2024-210455382.html,2026-03-05 21:04:55+00:00
CoinDesk,U.S. banking agencies say capital should be same for standard or tokenized securities,"U.S. banking agencies say capital should be same for standard or tokenized securities The Federal Reserve and other banking regulators clarified that the capital tally in banks needs identical treatment whether securities are tokenized or not. The U.S. Federal Reserve and other regulators told bankers that they need to maintain the same amount of capital to back tokenized securities as they do regulator securities. ""The technologies used …",https://www.coindesk.com/policy/2026/03/05/u-s-banking-agencies-say-capital-should-be-same-for-standard-or-tokenized-securities,2026-03-05 21:47:16+00:00
Alltoc.com,Why did the stock market plunge today? #world,"Why did the stock market plunge today? #world Market reaction to a widening Middle East war U.S. stock indexes tumbled sharply as investors digested fresh escalation in the Middle East and the economic knock‑on effects. Heightened U.S. and Israeli military operations against targets in Iran, Iranian reta… U.S. stock indexes tumbled sharply as investors digested fresh escalation in the Middle East and the economic knockon effects. Heightened U.S. and Israeli military operations against targets in Iran,…",https://alltoc.com/world/why-did-the-stock-market-plunge-today,2026-03-06 00:11:27+00:00
The Times of India,US Stock Market | Wall Street closes down as oil prices spike on Middle East conflict,"US Stock Market | Wall Street closes down as oil prices spike on Middle East conflict Middle East conflict escalation pushed oil prices up, fueling inflation worries and reducing expectations of Federal Reserve interest rate cuts. Major U.S. stock indexes closed down, with industrials, materials, and healthcare sectors seeing significant decli… U.S. stocks closed down on Thursday as the Middle East conflict entered its sixth day, pushing oil prices higher and spurring worries about inflation and whether the Federal Reserve will cut interest…",https://economictimes.indiatimes.com/markets/us-stocks/news/us-stock-market-wall-street-closes-down-as-oil-prices-spike-on-middle-east-conflict/articleshow/129126220.cms,2026-03-06 01:57:07+00:00
CoinDesk,Bitcoin and stocks stabilize after early-week slide. The bond market isn’t convinced.,"Bitcoin and stocks stabilize after early-week slide. The bond market isn’t convinced. Risk assets recover from oil-driven selloff as rising yields pressure Fed rate-cut bets. Bitcoin BTC $70,784.71 and global equity markets have stabilized after an early-week sell-off and oil price spike that was triggered by the outbreak of military conflict between the U.S., Israel, an…",https://www.coindesk.com/markets/2026/03/06/bitcoin-and-stocks-stabilize-after-early-week-slide-the-bond-market-isn-t-convinced,2026-03-06 05:35:09+00:00
Yahoo Entertainment,"Oil surges to its highest price since 2023, and stocks drop after a weak update on the US job market","Oil surges to its highest price since 2023, and stocks drop after a weak update on the US job market Oil shot to its highest price since 2023 after surging again Friday because of the Iran war, and a weak update on the U.S. job market knocked stocks lower to... NEW YORK (AP) Oil shot to its highest price since 2023 after surging again Friday because of the Iran war, and a weak update on the U.S. job market knocked stocks lower to cap Wall Streets worst week…",https://finance.yahoo.com/news/asia-shares-mixed-following-wall-054143125.html,2026-03-06 05:41:43+00:00
Hurriyet Daily News,"Equities mostly drop as Mideast crisis rages, though oil dips","Equities mostly drop as Mideast crisis rages, though oil dips Most stocks in Asia fell Friday as the war in the Middle East showed no sign of ending, though there was some reprieve from the surge in oil prices after the United States looked to ease supply concerns. Digital screens display trading numbers at the New York Stock Exchange (NYSE) during morning trading on March 5, 2026 in New York City. Wall Street stocks retreated early Thursday as oil market volat…",https://www.hurriyetdailynews.com/equities-mostly-drop-as-mideast-crisis-rages-though-oil-dips-219658,2026-03-06 05:52:54+00:00
The Times of India,"Markets still digesting West Asia shock; domestic sectors offer relative comfort, says Dharmesh Kant","Markets still digesting West Asia shock; domestic sectors offer relative comfort, says Dharmesh Kant Market experts advise caution despite a brief equity rebound, citing ongoing global uncertainties and geopolitical tensions. Analysts believe the market has not fully absorbed the impact of recent events, with potential for prolonged volatility and supply-dri… Despite a brief rebound in equities, market experts believe investors should remain cautious as global uncertainties continue to weigh on sentiment. The recent uptick in markets may have offered some…",https://economictimes.indiatimes.com/markets/expert-view/markets-still-digesting-west-asia-shock-domestic-sectors-offer-relative-comfort-says-dharmesh-kant/articleshow/129135983.cms,2026-03-06 06:00:59+00:00
Coinspeaker,"Bitcoin and Stocks Find a Floor, But Bond Market Says Risk-Off Isn’t Over","Bitcoin and Stocks Find a Floor, But Bond Market Says Risk-Off Isn’t Over Bitcoin (BTC) is trading above $70,000, recovering nearly 10% this week as global markets attempt to stabilize following a sharp geopolitical sell-off... Bitcoin (BTC) is trading above $70,000, recovering nearly 10% this week as global markets attempt to stabilize following a sharp geopolitical sell-off. However, while equities and crypto have establi…",https://www.coinspeaker.com/bitcoin-stocks-stabilize-bond-market-risk-off/,2026-03-06 09:44:59+00:00
CoinDesk,"Bitcoin drops toward $70,000 ahead of U.S. jobs data; oil price rises on Iran war","Bitcoin drops toward $70,000 ahead of U.S. jobs data; oil price rises on Iran war Investors are turning more defensive as geopolitical tensions rise and key U.S. labor market data approaches. Bitcoin is on the cusp of falling below $70,000 for the first time since Wednesday, after climbing as high as $74,000 earlier this week. The decline reflects a broader risk-off shift in markets as …",https://www.coindesk.com/markets/2026/03/06/bitcoin-drops-toward-usd70-000-ahead-of-u-s-jobs-data-oil-price-rises-on-iran-war,2026-03-06 10:29:11+00:00
CoinDesk,"Bitcoin extends decline from $74,000, derivatives data point to cautious positioning","Bitcoin extends decline from $74,000, derivatives data point to cautious positioning BTC trades narrowly above $70,000 as Middle East tensions drive oil higher and traders reassess inflation, while derivatives data points to cautious positioning. Crypto markets demonstrated fragility on Friday, with bitcoin BTC $70,109.57 trading narrowly above a psychological level of support at $70,000. The largest cryptocurrency broke above this level on…",https://www.coindesk.com/markets/2026/03/06/bitcoin-extends-decline-from-usd74-000-derivatives-data-point-to-cautious-positioning,2026-03-06 11:29:35+00:00
Business Insider,Jobs report updates: What to expect after last month's surprisingly robust job surge,"Jobs report updates: What to expect after last month's surprisingly robust job surge The Bureau of Labor Statistics will release its jobs report revealing February's job growth, after a job surge the prior month that beat expectations. Matt Rourke/AP It's jobs Friday, and we're about to learn if the labor market's ""deep freeze"" continued to thaw in February.Economists expect the US added 55,000 jobs and the unemployment rate held …",https://www.businessinsider.com/jobs-report-february-data-live-updates-2026-3,2026-03-06 11:30:59+00:00
Yahoo Entertainment,Morning Bid: No quiet on the eastern front,"Morning Bid: No quiet on the eastern front By Anna Szymanski March 6 - Everything Mike Dolan and the ROI team are excited to read, watch and listen to over the weekend. From the Editor Hello Morning... By Anna Szymanski March 6 - Everything Mike Dolan and the ROI team are excited to read, watch and listen to over the weekend. From the Editor Hello Morning Bid readers! The war in Iran could pro…",https://finance.yahoo.com/news/morning-bid-no-quiet-eastern-115022002.html,2026-03-06 11:50:22+00:00
CoinDesk,Bitcoin hit by short-termism as rally fades ahead of U.S. jobs data,"Bitcoin hit by short-termism as rally fades ahead of U.S. jobs data The day ahead in crypto: March 6, 2026 By Francisco Rodrigues (All times ET unless indicated otherwise) Cryptocurrency prices are falling as some holders look to cash in on the mid-week bounce to $74,000 and others prefer less risky asse…",https://www.coindesk.com/daybook-us/2026/03/06/bitcoin-hit-by-short-termism-as-rally-fades-ahead-of-u-s-jobs-data,2026-03-06 12:20:32+00:00
CoinDesk,"U.S. unexpectedly lost 92,000 jobs in February, unemployment rate rose to 4.4%","U.S. unexpectedly lost 92,000 jobs in February, unemployment rate rose to 4.4% Bitcoin remained under pressure even as the data likely puts back in play the chances of Fed rate cuts in the first half of 2026. The U.S. job market weakened appreciably in February, possibly putting back in play the chance of Federal Reserve rate cuts in the first half of 2026. The country loss 92,000 jobs last month, accord…",https://www.coindesk.com/markets/2026/03/06/u-s-lost-92-000-jobs-in-february-unemployment-rate-rose-to-4-2,2026-03-06 13:33:54+00:00
Yahoo Entertainment,Nasdaq to lead US stocks lower as Middle East tensions overshadow jobs report,"Nasdaq to lead US stocks lower as Middle East tensions overshadow jobs report If you click 'Accept all', we and our partners, including 246 who are part of the IAB Transparency &amp; Consent Framework, will also store and / or access information on a device (in other words, us…",https://consent.yahoo.com/v2/collectConsent?sessionId=1_cc-session_a83f7ad6-c7cf-4117-916d-d19118974942,2026-03-06 13:50:00+00:00
Yahoo Entertainment,"Stock market today: Dow, S&P 500, Nasdaq futures plummet after jobs report surprise as oil jumps","Stock market today: Dow, S&P 500, Nasdaq futures plummet after jobs report surprise as oil jumps If you click 'Accept all', we and our partners, including 246 who are part of the IAB Transparency &amp; Consent Framework, will also store and / or access information on a device (in other words, us…",https://consent.yahoo.com/v2/collectConsent?sessionId=1_cc-session_cbefa5f8-8a4e-46ac-9bcf-4207b88c0833,2026-03-06 14:17:04+00:00
CoinDesk,"'No deal with Iran': Trump demands unconditional surrender, sending oil surging, bitcoin and stocks lower","'No deal with Iran': Trump demands unconditional surrender, sending oil surging, bitcoin and stocks lower The outlook for the Fed grew cloudier on Friday, as the employment market weakened appreciably even as inflation could be worsening. Disclosure &amp; Polices: CoinDesk is an award-winning media outlet that covers the cryptocurrency industry. Its journalists abide by a strict set of editorial policies. CoinDesk has adopted a set of…",https://www.coindesk.com/markets/2026/03/06/no-deal-with-iran-trump-demands-unconditional-surrender-sending-oil-surging-bitcoin-and-stocks-lower,2026-03-06 14:34:58+00:00
The Times of India,"US stocks today: Dow Jones crashes 800 points, S&P 500, Nasdaq plummet over 1% as Mideast turmoil, weak jobs report weigh","US stocks today: Dow Jones crashes 800 points, S&P 500, Nasdaq plummet over 1% as Mideast turmoil, weak jobs report weigh Wall ​Street's main ​indexes opened lower ​on Friday as the conflict raging in ‌the ⁠Middle East threatened ⁠to fuel ​inflation through higher energy ​costs and data showed the economy unexpectedly ​shed jobs ⁠in ‌February. Wall Street's main indexes opened lower on Friday as the conflict raging in the Middle East threatened to fuel inflation through higher energy costs and data showed the economy unexpectedly shed jobs…",https://economictimes.indiatimes.com/markets/us-stocks/news/us-stocks-today-dow-jones-crashes-800-points-sp-500-nasdaq-plummet-over-1-as-middle-east-turmoil-weak-jobs-report-weigh/articleshow/129161017.cms,2026-03-06 14:35:16+00:00
The Times of India,US Stocks: Fed rate cut bets rise after weak jobs data,US Stocks: Fed rate cut bets rise after weak jobs data New signs of labor weakness and oil-driven inflation concerns may saddle U.S. ​Federal Reserve officials with a choice they'd hoped to avoid between ensuring prices remain contained or keeping a possibly wobbly job market on track. New signs of labor weakness and oil-driven inflation concerns may saddle U.S. Federal Reserve officials with a choice they'd hoped to avoid between ensuring prices remain contained or keeping a possi…,https://economictimes.indiatimes.com/markets/us-stocks/news/us-stocks-fed-rate-cut-bets-rise-after-weak-jobs-data/articleshow/129161811.cms,2026-03-06 14:55:01+00:00
Memeorandum.com,Dow drops 900 after oil prices jump to highest in nearly 2 years and data show a slowing US economy (Stan Choe/Associated Press),"Dow drops 900 after oil prices jump to highest in nearly 2 years and data show a slowing US economy (Stan Choe/Associated Press) Stan Choe / Associated Press: Dow drops 900 after oil prices jump to highest in nearly 2 years and data show a slowing US economy — U.S. stocks are falling sharply Friday after getting a whiff of a worst-case scenario for financial markets: a weakening econ… memeorandum is an auto-generated summary of the stories that US political commentators are discussing online right now. Unlike sister sites Techmeme and Mediagazer, it is not a human-edited news out…",https://www.memeorandum.com/260306/p49,2026-03-06 15:10:01+00:00
Cointelegraph,Bitcoin price drops to near $68K as US jobs weakness fails to rescue bulls,"Bitcoin price drops to near $68K as US jobs weakness fails to rescue bulls Bitcoin erased its latest breakout attempt after hitting $74,000 as surprisingly weak labor-market data offered no tailwind to crypto or risk assets. Bitcoin (BTC) slipped under $70,000 around Fridays Wall Street open as weak US employment data failed to boost risk assets. Key points: <ul><li>Bitcoin and stocks slump in reaction to a surprise do…",https://cointelegraph.com/markets/bitcoin-price-drops-near-68k-us-jobs-weakness-fails-rescue-bulls,2026-03-06 15:14:04+00:00
Quartz India,Dow tumbles and gas prices jump as war and weak jobs report rattle market,"Dow tumbles and gas prices jump as war and weak jobs report rattle market Oil’s surge is now a gas-price problem, an airline problem, a bond-market problem, and after Friday’s jobs miss, a Fed headache for markets The market has spent the week remembering that geopolitics is a lot less abstract when it starts showing up on highway signs. Gas prices have logged their sharpest weekly jump since March 2022, crude…",https://qz.com/stock-market-iran-war-sp-dow-nasdaq-oil-jobs,2026-03-06 15:19:18+00:00
CBS News,"Stocks resume slide, as Dow drops nearly 700 points in early trading","Stocks resume slide, as Dow drops nearly 700 points in early trading Stocks dropped after new government data showed U.S. employers shed 92,000 jobs in February and as investors fret over oil prices. Stocks opened sharply lower on Friday after new government data pointed to a weakening U.S. labor market and as concerns mount about the impact of the Iran war on the U.S. economy. The S&amp;P 500 …",https://www.cbsnews.com/news/stock-market-today-dow-jones-slide/,2026-03-06 15:33:15+00:00
Jezebel,It's Officially Time to Worry About Trump's Economy,"It's Officially Time to Worry About Trump's Economy We are now staring down the stagflationary barrel while the threat of recession rises. The jobs market is bad to mediocre, and Trump and Israel’s war with Iran has guaranteed us more inflation thanks to the oil shock. Today is jobs report day, one of the most important financial days of the month, and the figures released by the Bureau of Labor Statistics (BLS) paint an increasingly dire picture of the American ec…",https://www.jezebel.com/its-officially-time-to-worry-about-trumps-economy,2026-03-06 15:55:05+00:00
Abcnews.com,Dow drops 650 points as Iran war sends oil prices surging,"Dow drops 650 points as Iran war sends oil prices surging U.S. crude oil prices soared 9% on Friday. The Dow Jones Industrial Average plummeted more than 650 points in early trading on Friday as the Iran war continued to spike oil prices. The Dow fell 657 points, or 1.3%, while the S&amp;P 500 drop…",https://abcnews.com/Business/dow-drops-650-points-iran-war-sends-oil/story?id=130824337,2026-03-06 16:00:38+00:00
Yahoo Entertainment,Stocks Retreat Amid Inflation Fears and Weak US Jobs,"Stocks Retreat Amid Inflation Fears and Weak US Jobs If you click 'Accept all', we and our partners, including 246 who are part of the IAB Transparency &amp; Consent Framework, will also store and / or access information on a device (in other words, us…",https://consent.yahoo.com/v2/collectConsent?sessionId=1_cc-session_6615a109-156e-4692-b3b1-0fffa44ae98b,2026-03-06 16:18:51+00:00
Cointelegraph,Crypto Biz: Kraken plugs into the Fed,"Crypto Biz: Kraken plugs into the Fed Kraken wins direct access to the Fed’s payment system, signaling deeper crypto integration with traditional finance as MARA clarifies its Bitcoin strategy and tokenization gains traction. The digital asset sector took another step toward integration with traditional finance this week when Kraken secured direct access to the US Federal Reserves payment rails a milestone that could resh…",https://cointelegraph.com/news/kraken-fed-access-mara-bitcoin-nyse-tokenization,2026-03-06 16:23:32+00:00
The Times of India,"US stock market crash: Dow, S&P 500 and Nasdaq down today - Here's biggest gainers and losers amid Dow Jones 550 crash","US stock market crash: Dow, S&P 500 and Nasdaq down today - Here's biggest gainers and losers amid Dow Jones 550 crash US stock market crash: Dow, S&P 500 and Nasdaq down today. The Dow Jones fell 562 points to 47,392.51. The S&P 500 dropped 75 points to 6,754.75. The Nasdaq slipped 217 points to 22,531.24. Investors reacted to rising oil prices, bond yields, and economic unc… US stock market crash: Dow, S&amp;P 500 and Nasdaq down today. US stock market crash today rattled Wall Street after the Dow Jones Industrial Average plunged more than 550 points, triggering a broad …",https://economictimes.indiatimes.com/news/international/us/us-stock-market-crash-dow-sp-500-and-nasdaq-down-today-heres-biggest-gainers-and-losers-amid-dow-jones-550-crash/articleshow/129166219.cms,2026-03-06 16:37:44+00:00
24/7 Wall St.,Why Cardinal Health May Be a Best Buy for the Coming Stagflation,"Why Cardinal Health May Be a Best Buy for the Coming Stagflation This morning’s jobs report landed hard. Nonfarm payrolls plunged by 92,000 jobs, shattering expectations of a 55,000 gain. Unemployment climbed to 4.4... <ul><li>Cardinal Health (CAH) rose 71% over the past year, trades at 18x forward earnings and 9x free cash flow, posted Q2 sales up 19% to $65.6B and $1.97 EPS, and has raised dividends for 31 consec…",https://247wallst.com/investing/2026/03/06/why-cardinal-health-may-be-a-best-buy-for-the-coming-stagflation/,2026-03-06 16:45:48+00:00
Yahoo Entertainment,Core Laboratories (CLB) Gains on Sequential Revenue Growth and Solintec Acquisition,"Core Laboratories (CLB) Gains on Sequential Revenue Growth and Solintec Acquisition Ariel Investments, an investment management company, released its “Ariel Fund” fourth-quarter 2025 investor letter. A copy of the letter can be downloaded... Ariel Investments, an investment management company, released its Ariel Fund fourth-quarter 2025 investor letter. A copy of the letter can be downloaded here. The fund delivered a +3.22% return in th…",https://finance.yahoo.com/news/core-laboratories-inc-clb-gains-165159115.html,2026-03-06 16:51:59+00:00
24/7 Wall St.,AI XRP Price Prediction: ChatGPT and DeepSeek Say XRP Will Outperform Bitcoin in 2026,"AI XRP Price Prediction: ChatGPT and DeepSeek Say XRP Will Outperform Bitcoin in 2026 XRP (CRYPTO: XRP) trades near $1.40 after falling 62% from its July 2025 peak of $3.65. Bitcoin (CRYPTO: BTC) sits around $66,000, down 48% from October’s... <ul><li>ChatGPT projects XRP at $2.50$3.50 by late 2026 while capping Bitcoin at $110K$150K, giving XRP a slight percentage edge. </li><li>DeepSeek is far more aggressive on XRP at $5$8 while target…",https://247wallst.com/investing/2026/03/06/ai-xrp-price-prediction-chatgpt-and-deepseek-say-xrp-will-outperform-bitcoin-in-2026/,2026-03-06 16:52:19+00:00
Al Jazeera English,"US job market stalls, unemployment rate rises before Fed decision","US job market stalls, unemployment rate rises before Fed decision The healthcare sector was hit the hardest , while tariff-exposed sectors remained stagnant . The United States economy unexpectedly lost 92,000 jobs in February, and the unemployment rate ticked up to 4.4 percent, marking the sixth contraction of the US job market of the Trump administration…",https://www.aljazeera.com/economy/2026/3/6/us-job-market-stalls-unemployment-rate-rises-before-fed-decision,2026-03-06 17:11:16+00:00
Cointelegraph,Kraken launches xChange engine to power tokenized stock trading,"Kraken launches xChange engine to power tokenized stock trading Kraken’s xStocks platform has launched xChange, an onchain trading engine for tokenized equities, as exchanges race to build infrastructure for blockchain-based stock markets. Krakens tokenized equities platform xStocks has launched xChange, an onchain trading engine designed to facilitate trading of tokenized stocks across the Ethereum and Solana networks. According to t…",https://cointelegraph.com/news/kraken-xstocks-platform-xchange-engine-tokenized-stock-trading,2026-03-06 17:15:37+00:00
CoinDesk,"Why bitcoin couldn't hold $70,000 despite its best week of Wall Street news in months","Why bitcoin couldn't hold $70,000 despite its best week of Wall Street news in months Bitcoin’s institutional era is officially here, but a stronger dollar and shifting interest rate expectations are keeping a lid on the latest rally. Bitcoin briefly pushed toward $74,000 this week, buoyed by a string of bullish developments that have tied the crypto industry ever closer to traditional finance. Some market observers began callin…",https://www.coindesk.com/markets/2026/03/06/why-bitcoin-suffered-a-usd110-billion-wipeout-despite-its-best-week-of-wall-street-news-in-months,2026-03-06 20:17:14+00:00
NPR,"Oil surges to its highest price since 2023, and stocks drop after U.S. jobs report","Oil surges to its highest price since 2023, and stocks drop after U.S. jobs report Stocks fell Friday on worries that the economy could become stuck in a worst-case scenario of stagnating growth and high inflation. Oil prices touched their highest levels since 2023 after surging again because of the Iran war. NEW YORK Oil prices touched their highest levels since 2023 after surging again Friday because of the Iran war, while a weak update on the U.S. job market highlighted the economy's precarious positio…",https://www.npr.org/2026/03/06/g-s1-112788/oil-prices-stocks-jobs-report,2026-03-06 20:17:20+00:00
Newser,"Stocks Post Worst Week in Months as Oil Rises, Jobs Fall","Stocks Post Worst Week in Months as Oil Rises, Jobs Fall With oil shooting past $90 per barrel, its highest price since 2023, because of the Iran war and a report showing a weakened US job market, stocks dropped Friday to cap Wall Street's worst week since October. The Dow fell 453.19 points, or 0.9%, to 47,501.55,… The combination of a weak economy and high inflation is a worst-case scenario for investors because the Federal Reserve has no good tool to fix both problems at the same time, the AP reports. ""You ca…",https://www.newser.com/story/384964/stocks-post-worst-week-in-months-as-oil-rises-jobs-fall.html,2026-03-06 21:33:00+00:00
Yahoo Entertainment,Stocks Retreat on Inflation Concerns and a Weak US Job Market,"Stocks Retreat on Inflation Concerns and a Weak US Job Market If you click 'Accept all', we and our partners, including 246 who are part of the IAB Transparency &amp; Consent Framework, will also store and / or access information on a device (in other words, us…",https://consent.yahoo.com/v2/collectConsent?sessionId=1_cc-session_01c0ed2f-ee5f-4865-b12c-bac88270e0e0,2026-03-06 21:42:07+00:00
CNA,"Oil prices surge as Mideast war rages, stocks fall on US jobs","Oil prices surge as Mideast war rages, stocks fall on US jobs Crude prices surged Friday (Mar 6) on mounting fears about oil supply disruption amid the Middle East war, while equities retreated on poor US hiring data.The US-Israel war on Trump's pledge helped ""reduce some of the risk premium in oil markets,"" but will have ""limited impact unless Iran's extensive disruption capabilities are first neutralized,"" said a note from analysts…",https://www.channelnewsasia.com/world/oil-prices-surge-mideast-war-rages-stocks-fall-us-jobs-5977921,2026-03-06 21:45:37+00:00
TheStreet,It's not just rising oil prices you'll have to worry about if Iran conflict continues,"It's not just rising oil prices you'll have to worry about if Iran conflict continues U.S. oil prices have head for the hills since teeing off a fresh conflict in Iran last weekend, spurring one of the largest one-week increases in domestic... U.S. oil prices have head for the hills since teeing off a fresh conflict in Iran last weekend, spurring one of the largest one-week increases in domestic oil prices ever. With the market week drawi…",https://www.thestreet.com/markets/its-not-just-rising-oil-prices-youll-have-to-worry-about-if-iran-conflict-continues,2026-03-06 23:17:17+00:00
Alltoc.com,"Why did the U.S. lose 92,000 jobs in February? #world","Why did the U.S. lose 92,000 jobs in February? #world The jobs setback and what it signals February’s employment data showed a surprising contraction: the U.S. economy shed 92,000 jobs and the unemployment rate ticked up to roughly 4.4 percent. That result reversed recent momentum in hiring and came before a maj… Februarys employment data showed a surprising contraction: the U.S. economy shed 92,000 jobs and the unemployment rate ticked up to roughly 4.4 percent. That result reversed recent momentum in hiring…",https://alltoc.com/world/why-did-the-u-s-lose-92000-jobs-in-february,2026-03-07 00:09:54+00:00
Al Jazeera English,Iran war is latest threat to a global economy rattled by Trump,"Iran war is latest threat to a global economy rattled by Trump Rising energy prices threaten to stoke inflation and hobble economic growth in countries around the world. As the United States and Israels war on Iran unfolds over the coming days and weeks, the scale of the fallout for the global economy will be measured at the petrol pump. The biggest threat the confl…",https://www.aljazeera.com/economy/2026/3/7/iran-war-is-latest-threat-to-a-global-economy-rattled-by-trump,2026-03-07 00:27:18+00:00
The Times of India,"US stocks close down, post worst week in nearly a year as oil spikes 12%","US stocks close down, post worst week in nearly a year as oil spikes 12% Wall Street’s major indexes fell on Friday as weak US jobs data and a sharp rise in oil prices heightened concerns about the economic outlook. The Dow Jones dropped 0.95%, the S&P 500 fell 1.33%, and the Nasdaq declined 1.59%, with the Dow posting its steepes… Wall Street's three main indexes closed down on Friday amid a sudden setback in the U.S. labor market and a 12% spike in U.S. oil prices due to the escalating conflict in the Middle East.A disappoint…",https://economictimes.indiatimes.com/markets/us-stocks/news/us-stocks-close-down-post-worst-week-in-nearly-a-year-as-oil-spikes-12/articleshow/129188584.cms,2026-03-07 01:30:46+00:00
HuffPost,"Oil Surges To Its Highest Price Since 2023, And Stocks Drop After A Weak Update On The U.S. Job Market","Oil Surges To Its Highest Price Since 2023, And Stocks Drop After A Weak Update On The U.S. Job Market The Dow Jones Industrial Average plunged as many as 945 points before finishing with a loss of 453, or 0.9%, and the Nasdaq composite sank 1.6%. NEW YORK (AP) Oil shot to its highest price since 2023 after surging again Friday because of the Iran war, and a weak update on the U.S. job market knocked stocks lower to cap Wall Streets worst week…",https://www.huffpost.com/entry/markets-plunge-as-oil-hits-2-year-high-amid-signs-of-slowing-us-economy_n_69aaf1d7e4b0bda876a8f694,2026-03-07 01:41:57+00:00
Abcnews.com,How major US stock indexes fared Friday 3/6/2026,"How major US stock indexes fared Friday 3/6/2026 Oil shot to its highest price since 2023 after surging again because of the Iran war, and a weak update on the U.S. job market knocked stocks lower to cap Wall Street’s worst week since October Oil shot to its highest price since 2023 after surging again because of the Iran war, and a weak update on the U.S. job market knocked stocks lower to cap Wall Streets worst week since October. The…",https://abcnews.com/Business/wireStory/major-us-stock-indexes-fared-friday-362026-130838000,2026-03-07 02:12:07+00:00
The Times of India,US Stock Market | US-Israel war with Iran sends shockwaves through global business,"US Stock Market | US-Israel war with Iran sends shockwaves through global business Global businesses face turmoil as the U.S.-Israeli conflict with Iran escalates. Energy prices are surging, impacting supply chains for everything from food to car parts. Critical shipping and air routes through the Middle East are disrupted. Companies are gr… The U.S.-Israeli war with Iran is rattling businesses worldwide, driving up energy prices, squeezing supplies of critical raw materials and raising questions about the reliability of trade routes cri…",https://economictimes.indiatimes.com/markets/us-stocks/news/us-israel-war-with-iran-sends-shockwaves-through-global-business/articleshow/129193286.cms,2026-03-07 03:43:29+00:00
The Times of India,"US Stock Market | Unexpected job losses, rise in unemployment rate fan US labor market doubts","US Stock Market | Unexpected job losses, rise in unemployment rate fan US labor market doubts America's job market saw an unexpected decline in February. Nonfarm payrolls dropped, and the unemployment rate climbed to 4.4 percent. This development presents a challenge for the Federal Reserve. Factors like a healthcare worker strike and severe weather i… The U.S. economy unexpectedly lost jobs in February and the unemployment rate increased to 4.4%, potentially hinting at a deterioration in labor market conditions that could put the Federal Reserve i…",https://economictimes.indiatimes.com/markets/us-stocks/news/us-stock-market-unexpected-job-losses-rise-in-unemployment-rate-fan-us-labor-market-doubts/articleshow/129193607.cms,2026-03-07 03:52:31+00:00
The Times of India,US Stock Market | Wall St Week Ahead-Middle East developments set to sway US stocks as inflation data adds wrinkle,"US Stock Market | Wall St Week Ahead-Middle East developments set to sway US stocks as inflation data adds wrinkle Markets are closely watching the escalating Middle East conflict and its potential impact on energy supplies and inflation. Investors are grappling with uncertainty, as oil prices have surged, impacting asset volatility. Upcoming inflation data will be crucia… Investors will seek signs in the coming week of how sprawling the war in the Middle East will become and how much it will disrupt energy supplies, as they chew over fresh inflation data.A U.S.-Israel…",https://economictimes.indiatimes.com/markets/us-stocks/news/us-stock-market-wall-st-week-ahead-middle-east-developments-set-to-sway-us-stocks-as-inflation-data-adds-wrinkle/articleshow/129193873.cms,2026-03-07 03:59:47+00:00
The Times of India,Bitcoin’s correlation with stocks surges as volatility returns,"Bitcoin’s correlation with stocks surges as volatility returns Bitcoin’s correlation with equities has climbed to its highest level this year as global volatility returns. The digital asset is increasingly moving in tandem with stocks rather than acting as a hedge, highlighting its growing sensitivity to broader risk sen… Bitcoin is once again moving closely in step with US stocks, at just about the worst time for crypto diehards. As equities come under renewed pressure following days of volatility tied to the conflic…",https://economictimes.indiatimes.com/markets/cryptocurrency/bitcoins-correlation-with-stocks-surges-as-volatility-returns/articleshow/129196282.cms,2026-03-07 05:03:32+00:00
The Times of India,Oil prices inch closer to $100 per barrel. What does it mean for Indian stocks?,"Oil prices inch closer to $100 per barrel. What does it mean for Indian stocks? Oil prices are moving closer to $100 per barrel as escalating tensions in the Middle East threaten global energy supply routes. Analysts warn that a prolonged disruption, particularly through the Strait of Hormuz, could push crude higher and trigger volatilit… Global oil prices could soar to as high as $150 per barrel if the escalating conflict in the Middle East disrupts energy supplies from the Gulf, Qatars Energy Minister Saad al-Kaabi warned, cautionin…",https://economictimes.indiatimes.com/markets/commodities/news/oil-prices-inch-closer-to-100-per-barrel-what-does-it-mean-for-indian-stocks/articleshow/129199242.cms,2026-03-07 06:19:07+00:00
Hurriyet Daily News,Oil prices surge as Mideast war rages,"Oil prices surge as Mideast war rages Crude prices surged Friday on mounting fears about oil supply disruption during the Middle East war, while equities retreated on poor U.S. hiring data. NEW YORK Workers load fuel tankers onto transport trucks at a fuel distribution center near Burgos, northern Spain, on March 5, 2026. Crude prices surged Friday on mounting fears about oil supply d…",https://www.hurriyetdailynews.com/oil-prices-surge-as-mideast-war-rages-219685,2026-03-07 07:29:10+00:00
Business Insider,"6 reasons the stock market is primed to rally after weeks of chaos, according to Jefferies","6 reasons the stock market is primed to rally after weeks of chaos, according to Jefferies Investors can't seem to catch a break in 2026, but investment bank Jefferies says the pain should soon be over and that stocks are poised to surge. Investors can't seem to catch a break in 2026, but Jefferies says the pain should soon be over and that stocks are poised to surge. Major stock indexes fell on Friday after data from the Bureau of L…",https://www.businessinsider.com/stock-market-outlook-rally-jobs-report-iran-oil-prices-ai-2026-3,2026-03-07 10:15:01+00:00
Business Insider,Forget stagflation. One economist says inflation is set to crater even as oil prices surge.,"Forget stagflation. One economist says inflation is set to crater even as oil prices surge. Top economist David Rosenberg thinks the hit to demand from high oil prices will outweigh any inflationary shock over the long run. Stagflation talk is picking up on Wall Street again, but one top economist says it isn't in the cards. Unfortunately, that's because he sees the economy slowing to the point where inflation craters. …",https://www.businessinsider.com/inflation-outlook-oil-prices-shock-brent-wti-us-economy-2026-3,2026-03-07 10:30:01+00:00
Financial Post,Charting the Global Economy: Oil Prices Top $90 on Iran War,"Charting the Global Economy: Oil Prices Top $90 on Iran War US oil prices posted the biggest weekly gain on record as the war in Iran upends critical energy market flows, with shipping through the Strait of Hormuz grinding to a virtual halt. (Bloomberg) US oil prices posted the biggest weekly gain on record as the war in Iran upends critical energy market flows, with shipping through the Strait of Hormuz grinding to a virtual halt. THIS…",https://financialpost.com/pmn/business-pmn/charting-the-global-economy-oil-prices-top-90-on-iran-war,2026-03-07 10:32:39+00:00
The Times of India,"Will US stock market head for big crash on Monday, and will Dow Jones, S&P 500 and Nasdaq stay in red or finally turn green? US stock market prediction, analysts insights and market outlook explained. Here's what should investors do now","Will US stock market head for big crash on Monday, and will Dow Jones, S&P 500 and Nasdaq stay in red or finally turn green? US stock market prediction, analysts insights and market outlook explained. Here's what should investors do now Will US stock market head for big crash on Monday, and will Dow Jones, S&P 500 and Nasdaq stay in red or finally turn green? This explainer covers US stock market prediction, analysts insights and market outlook after weak jobs data, rising oil prices, and Mi… Will US stock market head for big crash on Monday, and will Dow Jones, S&amp;P 500 and Nasdaq stay in red or finally turn green? Investors across global markets are watching this question after Wall …",https://economictimes.indiatimes.com/news/international/us/will-us-stock-market-head-for-big-crash-on-monday-and-will-dow-jones-sp-500-and-nasdaq-stay-in-red-or-finally-turn-green-us-stock-market-prediction-analysts-insights-and-market-outlook-explained-heres-what-should-investors-do-now/articleshow/129210732.cms,2026-03-07 11:17:04+00:00
Investopedia,Average Net Worth for Ages 45–54: What the Numbers Reveal About Financial Health,"Average Net Worth for Ages 45–54: What the Numbers Reveal About Financial Health Your 40s and 50s are critical for wealth creation. Learn the median net worth for this age group and how to prepare for retirement. <ul><li>The median net worth of Americans 4554 is $246,700, according to data from the Federal Reserve. </li><li>Wealth gaps in this age group reflect salaries, inheritances, home equity, spending h…",https://www.investopedia.com/average-net-worth-for-ages-45-54-what-the-numbers-reveal-about-financial-health-11917929,2026-03-07 11:46:00+00:00
MarketBeat,"Cheesecake Factory Touts 26 Openings, Off-Premise Momentum and Bigger Buybacks at Raymond James Conf.","Cheesecake Factory Touts 26 Openings, Off-Premise Momentum and Bigger Buybacks at Raymond James Conf. Executives from Cheesecake Factory (NASDAQ:CAKE) outlined the company’s growth strategy, brand positioning, and financial outlook during a presentation at... Cheesecake Factory logo <ul><li>Expansion push: Cheesecake Factory plans up to 26 new restaurant openings in 2026 (following 16/23/25 openings in 202325), operates 216 Cheesecake Factory units today…",https://www.marketbeat.com/instant-alerts/cheesecake-factory-touts-26-openings-off-premise-momentum-and-bigger-buybacks-at-raymond-james-conf-2026-03-07/?utm_source=yahoofinance&amp;utm_medium=yahoofinance,2026-03-07 12:50:00+00:00
24/7 Wall St.,GLD’s $75 Billion Couldn’t Shield It From the Tariff-Driven Selloff,"GLD’s $75 Billion Couldn’t Shield It From the Tariff-Driven Selloff Gold spent most of 2025 and early 2026 acting like the one asset that couldn’t be rattled. Then tariff escalation shook the foundation. The SPDR Gold Trust (... <ul><li>SPDR Gold Trust (GLD) fell 2.43% over the past week despite a 19.1% YTD gain and 75.96% return over the past year, with $174.1B in net assets. </li><li>Tariff escalation and real interest ra…",https://247wallst.com/investing/2026/03/07/glds-75-billion-couldnt-shield-it-from-the-tariff-driven-selloff/,2026-03-07 13:07:45+00:00
New York Post,‘Tax the Middle-Class?’ Zohran Mamdani’s DSA pals want to raise NYC taxes for more than the ultra-rich,"‘Tax the Middle-Class?’ Zohran Mamdani’s DSA pals want to raise NYC taxes for more than the ultra-rich Their “Tax the Rich” campaign openly targets millionaires, but Democratic Socialists of America honchos are stealthily pushing for a slew of tax hikes and other measures that would also slam many middle-class New Yorkers. Their Tax the Rich campaign targets millionaires, but Democratic Socialists of America lefties are now pushing for a slew of tax hikes that would slam middle-class New Yorkers. The party’s NYC chapt…",https://nypost.com/2026/03/07/us-news/tax-the-middle-class-mamdanis-dsa-pals-want-to-up-nyc-taxes-for-more-than-the-ultra-rich/,2026-03-07 13:45:00+00:00
BusinessLine,Simply Put | Equity risk premium,"Simply Put | Equity risk premium Explore the concept of equity risk premium and its inverse correlation with stock performance amid market uncertainty and investor sentiment. As Kannan stares at his portfolio in disbelief over the losses in the last two weeks, he approaches Nitin for solace. The discussion veers into equity risk premium as Kannan realises that there is an…",https://www.thehindubusinessline.com/portfolio/personal-finance/simply-put-equity-risk-premium/article70712052.ece,2026-03-07 14:39:10+00:00
BusinessLine,Wall St Week Ahead-Middle East developments set to sway US stocks as inflation data adds wrinkle,"Wall St Week Ahead-Middle East developments set to sway US stocks as inflation data adds wrinkle U.S. stocks swung sharply following the Middle East escalation, leaving the benchmark S&P 500 down 2% for the week Investors will seek signs in the coming week of how sprawling the war in the Middle East will become and how much it will disrupt energy supplies, as they chew over fresh inflation data. A U.S.-I…",https://www.thehindubusinessline.com/portfolio/technical-analysis/wall-st-week-ahead-middle-east-developments-set-to-sway-us-stocks-as-inflation-data-adds-wrinkle/article70716380.ece,2026-03-07 14:53:09+00:00
BusinessLine,"AMC stocks defy markets, enjoy outperformance and premium valuations","AMC stocks defy markets, enjoy outperformance and premium valuations Most domestic asset management companies (AMCs) have not only delivered robust returns over this period, but are also trading at a valuation premium to the broader markets In a largely downward moving and volatile equity environment that has prevailed over the past 18 months, investors would expect a segment that is closely linked to the fortunes of the markets to unde…",https://www.thehindubusinessline.com/portfolio/mutual-funds/amc-stocks-defy-markets-enjoy-outperformance-and-premium-valuations/article70715000.ece,2026-03-07 15:45:04+00:00
CoinDesk,Top Wall Street minds see AI rotation ahead as bitcoin seeks role in new cycle,"Top Wall Street minds see AI rotation ahead as bitcoin seeks role in new cycle BlackRock’s Rick Rieder, UBS’s Ulrike Hoffmann-Burchardi and Third Point’s Daniel Loeb see steady economic growth but a tougher market environment. BlackRocks Rick Rieder, UBSs Ulrike Hoffmann-Burchardi, and hedge fund manager Daniel Loeb see a 2026 economy that may keep growing even as the markets center of gravity shifts. The broad message fro…",https://www.coindesk.com/markets/2026/03/07/top-wall-street-minds-see-ai-rotation-ahead-as-bitcoin-seeks-role-in-new-cycle,2026-03-07 17:00:00+00:00
Bitcoinist,Bitcoin Market At Uncertain Phase As Stagflation Fears In The US Rises — Details,"Bitcoin Market At Uncertain Phase As Stagflation Fears In The US Rises — Details In their latest post on CryptoQuant, XWIN Research Japan explores how developing affairs in the United States could affect the trajectory of Bitcoin and other risk assets in the near-term. According to the education institute, concerns of a potential stagflat… In their latest post on CryptoQuant, XWIN Research Japan explores how developing affairs in the United States could affect the trajectory of Bitcoin and other risk assets in the near-term. According …",https://bitcoinist.com/bitcoin-market-uncertain-stagflation-fears-rises/,2026-03-07 17:00:26+00:00
BusinessLine,"Dow Jones, S&P 500, Nasdaq, KOSPI, Nifty 50: How the indices fared during major wars and why it’s different this time","Dow Jones, S&P 500, Nasdaq, KOSPI, Nifty 50: How the indices fared during major wars and why it’s different this time Not all wars are the same and at this juncture, nobody knows how the ongoing US-Iran war will play out. That said, can investors take cues from past wars and take portfolio decisions? We say, “No, Context matters.” For many reasons, this war needs to be viewe… Well over $2.5 trillion in investor wealth has been wiped out over the past week if one considers the major global equity indices alone. Wars are destructive, yet some pundits might sell the case tod…",https://www.thehindubusinessline.com/portfolio/personal-finance/dow-jones-sampp-500-nasdaq-kospi-nifty-50-how-the-indices-fared-during-major-wars-and-why-its-different-this-time/article70716521.ece,2026-03-07 18:33:09+00:00
CoinDesk,The Multibillion-dollar shift turning prediction markets into a professional hedging tool,"The Multibillion-dollar shift turning prediction markets into a professional hedging tool Traders are moving beyond sports bets and elections to price ""unpriceable"" geopolitical and policy risks that standard financial tools can’t handle. The dominant narrative around prediction markets still centers on elections and sports. Sports account for the majority of volume at major venues, and election contracts are what put the category on …",https://www.coindesk.com/opinion/2026/03/07/the-multibillion-dollar-shift-turning-prediction-markets-into-a-professional-hedging-tool,2026-03-07 19:01:00+00:00
The Times of India,"Sensex, Nifty down 3% in first four March sessions! 5 factors that could decide market mood this week","Sensex, Nifty down 3% in first four March sessions! 5 factors that could decide market mood this week Indian stock markets experienced a significant downturn. The Sensex and Nifty saw sharp declines in the first four March sessions. This selloff wiped out substantial market capitalization. Key factors influencing market sentiment included the escalating US-Is… Indian stock markets declined sharply on Friday, with Sensex falling nearly 1,100 points and the Nifty50 closing below the 24,500-mark. Sensex tumbled more than 1,100 points to 78,870.95, while Nifty…",https://economictimes.indiatimes.com/markets/stocks/news/sensex-nifty-down-3-in-first-four-march-sessions-5-factors-that-could-decide-market-mood-this-week/articleshow/129250226.cms,2026-03-08 03:58:32+00:00
The Times of India,Top market expert predicts FIIs unlikely to return anytime soon after nearly $2 billion selling in March,"Top market expert predicts FIIs unlikely to return anytime soon after nearly $2 billion selling in March Foreign investors are pulling money from Indian stocks. Geopolitical tensions and rising oil prices are causing concern. This selling pressure has led to market volatility. Experts believe foreign investors will stay away until global uncertainty eases and oi… Foreign institutional investors are unlikely to return to Indian equities anytime soon after nearly $2 billion of outflows in March, as escalating geopolitical tensions and rising crude prices contin…",https://economictimes.indiatimes.com/markets/stocks/news/top-market-expert-predicts-fiis-unlikely-to-return-anytime-soon-after-nearly-2-billion-selling-in-march/articleshow/129251891.cms,2026-03-08 04:47:38+00:00
USA Today,Gold is beating stocks. Here's how to add it to your retirement account.,"Gold is beating stocks. Here's how to add it to your retirement account. Gold prices are surging, making it an attractive ""hedge"" in retirement accounts. Here are some ways to buy gold in an IRA or 401(k). Its a golden era for gold. The price of gold is up 74% over the past year and 201% over five years. Gold has been outperforming stocks. Is it time to add some gold to your retirement account? On t…",https://www.usatoday.com/story/money/2026/03/08/gold-investing-retirement-ira-stocks/89006798007/,2026-03-08 09:05:17+00:00
Livemint,Clive Crook: Just how resilient is the US economy? The Iran war could turn out to be a test,"Clive Crook: Just how resilient is the US economy? The Iran war could turn out to be a test Inflation risk, tariff turmoil and a brazen fiscal overstretch were already testing the US economy. The fallout of the Iran war now adds uncertainty that could push an indebted America to an economic reckoning should hostilities refuse to follow its script. The near danger is a setback in financial markets that gets out of hand. In many ways, some such reversal was already overdue, given the apparent overvaluation of US equities, the weight placed by ta…",https://www.livemint.com/opinion/online-views/clive-crook-us-economy-resilience-iran-war-inflation-tariffs-fiscal-public-debt-trump-11772867467196.html,2026-03-08 10:21:06+00:00
CoinDesk,Canton’s Yuval Rooz says smart contract blockchains face a reckoning over value gap,"Canton’s Yuval Rooz says smart contract blockchains face a reckoning over value gap The network's co-founder says many blockchains pitching financial rails lack the activity to justify their valuations, and stablecoins still lack true product-market fit. Yuval Rooz has a blunt message for the smart contract sector: If you claim to be the future plumbing of global finance, youd better show the cash flow. People have assigned a lot of value to these n…",https://www.coindesk.com/business/2026/03/08/canton-s-yuval-rooz-says-smart-contract-blockchains-face-a-reckoning-over-value-gap,2026-03-08 11:00:00+00:00
Business Insider,I'm a millionaire living in Washington. I'm happy to pay more in taxes — it helps everybody.,"I'm a millionaire living in Washington. I'm happy to pay more in taxes — it helps everybody. Victoria Hattersley, a Washington millionaire, says she's happy to pay more in taxes as part of her state's proposed millionaire tax. Washington proposed a tax on millionaires, and millionaire Victoria Hattersley supports it.Courtesy of Victoria Hattersley. <ul><li>Victoria Hattersley is a retired millionaire who supports her stat…",https://www.businessinsider.com/washington-millionaire-tax-wealthy-support-paying-more-2026-3,2026-03-08 11:50:01+00:00
Abcnews.com,Trump’s ‘roaring’ economy meets a rough start to 2026: What the latest numbers show,"Trump’s ‘roaring’ economy meets a rough start to 2026: What the latest numbers show President Donald Trump promised that 2026 would be a bumper year for economic growth WASHINGTON -- WASHINGTON (AP) President Donald Trump promised that 2026 would be a bumper year for economic growth, but instead it has kicked off with job losses, rising gasoline prices and more unce…",https://abcnews.com/Business/wireStory/trumps-roaring-economy-meets-rough-start-2026-latest-130873775,2026-03-08 11:53:15+00:00
CoinDesk,Oil leaving Middle East trades over $100 a barrel. Here’s how it could affect bitcoin,"Oil leaving Middle East trades over $100 a barrel. Here’s how it could affect bitcoin Murban crude, a key benchmark for barrels that can bypass the Strait of Hormuz, now trades at $103 per barrel. Oil barrels that can still reliably reach global markets via the Middle East are now trading above $100 a barrel, a stark market signal of acute geopolitical stress and supply fears that could ripple…",https://www.coindesk.com/markets/2026/03/08/some-middle-east-oil-is-now-over-usd100-a-barrel-here-s-how-it-could-affect-bitcoin,2026-03-08 13:41:06+00:00
Awealthofcommonsense.com,How Do Higher Oil Prices Impact Stock Market Returns?,How Do Higher Oil Prices Impact Stock Market Returns? Will higher oil prices derail the stock market? The post How Do Higher Oil Prices Impact Stock Market Returns? appeared first on A Wealth of Common Sense. ... The price of oil can be extremely volatile. This decade alone we’ve seen a barrel of oil trade at a low of negative $37 in the pandemic and more than $130 following the start of the Russia-Ukraine w…,https://awealthofcommonsense.com/2026/03/how-do-higher-oil-prices-impact-stock-market-returns/,2026-03-08 13:45:30+00:00
24/7 Wall St.,Income Investors Are Embracing SCHD After Back-to-Back Dividend Raises,"Income Investors Are Embracing SCHD After Back-to-Back Dividend Raises SCHD has pulled in nearly $800 million in net inflows in a single week this February, and income investors are rotating toward dividend growers as bond... <ul><li>SCHD pulled in $800M in one week in February, holds $78.4B in assets, is up 12.83% year to date, yields 3.6%, with a 12.9% annualized return since 2011. Top holdings include Chevron (CVX), Co…",https://247wallst.com/investing/2026/03/08/income-investors-are-embracing-schd-after-back-to-back-dividend-raises/,2026-03-08 14:07:59+00:00
24/7 Wall St.,Bond Yields Are Getting Slashed — These Dividend Stocks Are the Smarter Play Right Now,"Bond Yields Are Getting Slashed — These Dividend Stocks Are the Smarter Play Right Now Bond yields are one option for passive income investors, but they’re definitely not the only possibility. Sure, you can get a yield of around 4% from 10-year... <ul><li>Lockheed Martin (LMT) demonstrated sales growth from 2023 to 2025, and you can expect a dividend yield of around 2% from LMT stock. </li><li>Cisco Systems (CSCO) delivers a 2.1% dividend yie…",https://247wallst.com/investing/2026/03/08/bond-yields-are-getting-slashed-these-dividend-stocks-are-the-smarter-play-right-now/,2026-03-08 14:11:32+00:00
Fortune,"Trump said the ‘economy is roaring’ but the job market has evaporated, soaring gas prices could boost inflation, and stocks have plunged","Trump said the ‘economy is roaring’ but the job market has evaporated, soaring gas prices could boost inflation, and stocks have plunged The latest batch of data on jobs, pump prices and the stock market suggests that Trump's roar has started to sound far more like a whimper. President Donald Trump promised that 2026 would be a bumper year for economic growth, but instead it has kicked off with job losses, rising gasoline prices and more uncertainty about Americas future.…",https://fortune.com/2026/03/08/trump-economy-job-market-gas-prices-inflation-stock-market-selloff/,2026-03-08 15:03:28+00:00
Yahoo Entertainment,Molson Coors Beverage Company (TAP) Expects a Significant Dip in 2026 Profit,"Molson Coors Beverage Company (TAP) Expects a Significant Dip in 2026 Profit Molson Coors Beverage Company (NYSE:TAP) is among the 12 Best Alcohol Stocks to Buy Right Now. On February 19, 2026, Reuters reported that Molson Coors... Molson Coors Beverage Company (NYSE:TAP) is among the 12 Best Alcohol Stocks to Buy Right Now. Molson Coors Beverage Company (TAP) Expects a Significant Dip in 2026 Profit On February 19, 2026, Reu…",https://finance.yahoo.com/news/molson-coors-beverage-company-tap-152216335.html,2026-03-08 15:22:16+00:00
Yahoo Entertainment,Keybanc Lifts WEC Energy Group (WEC) Price Target by $9,"Keybanc Lifts WEC Energy Group (WEC) Price Target by $9 WEC Energy Group, Inc. (NYSE:WEC) is one of the 10 best stocks to invest in during a recession. On March 4, 2027, KeyBanc analyst Sophie Karp raised the... WEC Energy Group, Inc. (NYSE:WEC) is one of the 10 best stocks to invest in during a recession. Keybanc Lifts WEC Energy Group (WEC) Price Target by $9 On March 4, 2027, KeyBanc analyst Sophie Karp…",https://finance.yahoo.com/news/keybanc-lifts-wec-energy-group-153441838.html,2026-03-08 15:34:41+00:00
Yahoo Entertainment,Citi Maintains Neutral Rating on Costco Wholesale Corporation (COST) with $1000 Target,"Citi Maintains Neutral Rating on Costco Wholesale Corporation (COST) with $1000 Target Costco Wholesale Corporation (NASDAQ:COST) is one of the 10 best stocks to invest in during a recession. On February 27, 2026, Costco Wholesale Corporation (... Costco Wholesale Corporation (NASDAQ:COST) is one of the 10 best stocks to invest in during a recession. Citi Maintains Neutral Rating on Costco Wholesale Corporation (COST) with $1000 Target On Fe…",https://finance.yahoo.com/news/citi-maintains-neutral-rating-costco-165022588.html,2026-03-08 16:50:22+00:00
Yahoo Entertainment,"Citi Maintainins Buy on The Procter & Gamble Company (PG), With $181 Target","Citi Maintainins Buy on The Procter & Gamble Company (PG), With $181 Target The Procter & Gamble Company (NYSE:PG) is one of the 10 best stocks to invest in during a recession. On February 27, 2026, a Citi analyst maintained a Buy... The Procter &amp; Gamble Company (NYSE:PG) is one of the 10 best stocks to invest in during a recession. Citi Maintainins Buy on The Procter &amp; Gamble Company (PG), With $181 Target On February …",https://finance.yahoo.com/news/citi-maintainins-buy-procter-gamble-165027953.html,2026-03-08 16:50:27+00:00
ABC News (AU),"Live: Wall St sinks on war, oil and jobs fears, and ASX poised for sharp sell-off","Live: Wall St sinks on war, oil and jobs fears, and ASX poised for sharp sell-off With surging oil prices and weak US jobs figures sending Wall Street lower, the ASX is bracing for a brutal session today. Follow the day's events and insights from our business reporters on the ABC News live markets blog. The US Department of War may well be conducting Operation Epic Fury but on Wall Street it looks more like Operation Epic Flurry as risky assets continued to be tossed aside in a swirling mass of fear…",https://www.abc.net.au/news/2026-03-09/asx-markets-business-news-live-updates-march-9/106429652,2026-03-08 19:56:33+00:00
Japan Today,Trump’s ‘roaring’ economy meets a rough start to 2026: What the latest numbers show,"Trump’s ‘roaring’ economy meets a rough start to 2026: What the latest numbers show President Donald Trump promised that 2026 would be a bumper year for economic growth, but instead it has kicked off with job losses, rising gasoline prices and more uncertainty about America's future. In his State of the Union address less than two weeks ago,… President Donald Trump promised that 2026 would be a bumper year for economic growth, but instead it has kicked off with job losses, rising gasoline prices and more uncertainty about America's future…",https://japantoday.com/category/business/trump%E2%80%99s-%E2%80%98roaring%E2%80%99-economy-meets-a-rough-start-to-2026-what-the-latest-numbers-show,2026-03-08 21:33:28+00:00
Gapingvoid.com,Go Your Own Way,"Go Your Own Way My favorite movie star wears Chanel. I, too, will wear Chanel. All the cool kids live in Brooklyn. I, too, just moved to Brooklyn. Everyone … The post Go Your Own Way appeared first on Gapingvoid. My favorite movie star wears Chanel. I, too, will wear Chanel. All the cool kids live in Brooklyn. I, too, just moved to Brooklyn. Everyone knows houses and tech stocks simply cannot drop in value. L…",https://www.gapingvoid.com/go-your-own-way/,2026-03-08 21:46:47+00:00
CNA,"Shares slide, oil surges on risk of lengthy Middle East conflict","Shares slide, oil surges on risk of lengthy Middle East conflict SYDNEY, March 9 : Share markets slid in Asia on Monday as the inflationary pulse from surging oil prices threatened to raise living costs, and perhaps interest rates, across the globe, while an investor hunger for liquidity kept the U.S. dollar in demand.Bren… SYDNEY, March 9 : Share markets slid in Asia on Monday as the inflationary pulse from surging oil prices threatened to raise living costs, and perhaps interest rates, across the globe, while an inves…",https://www.channelnewsasia.com/business/shares-slide-oil-surges-risk-lengthy-middle-east-conflict-5980341,2026-03-08 22:43:44+00:00
Financial Post,Gold Extends Drop as Oil Surge Stokes Fears of Faster Inflation,"Gold Extends Drop as Oil Surge Stokes Fears of Faster Inflation Gold fell, pressured by a stronger US dollar and inflationary risks, as the war in the Middle East extended into a second week and oil surged above $100 a barrel. (Bloomberg) Gold fell, pressured by a stronger US dollar and inflationary risks, as the war in the Middle East extended into a second week and oil surged above $100 a barrel. THIS CONTENT IS RESERVE…",https://financialpost.com/pmn/business-pmn/gold-extends-drop-as-oil-surge-stokes-fears-of-faster-inflation,2026-03-08 23:26:50+00:00
Freerepublic.com,Oil prices soar past $100 a barrel as war escalates in Iran,"Oil prices soar past $100 a barrel as war escalates in Iran Iran has threatened to attack any oil tanker passing through the Strait of Hormuz, through which 20% of the world’s oil transits. US oil futures rose 18% to about $108 a barrel, their highest level since July 19, 2022. Brent futures, the global benchmark, inc… Skip to comments. Oil prices soar past $100 a barrel as war escalates in IranCNN ^ | March 8, 2026 | Auzinea Bacon Posted on 03/08/2026 4:26:52 PM PDT by Trump20162020 Iran has threatened to a…",https://freerepublic.com/focus/f-news/4369884/posts,2026-03-08 23:26:52+00:00
pymnts.com,Tokenized Real-World Asset Value Jumps Fourfold to $26 Billion,"Tokenized Real-World Asset Value Jumps Fourfold to $26 Billion The value of tokenized real-world assets has reportedly increased nearly fourfold in the last year. These assets have surpassed $26.4 billion in on-chain value, up from around $6.6 billion this time last year, per data from RWA.xyz, which tracks tokenized rea… The value of tokenized real-world assets has reportedly increased nearly fourfold in the last year.These assets have surpassed $26.4 billion in on-chain value, up from around $6.6 billion this time l…",https://www.pymnts.com/blockchain/2026/tokenized-real-world-asset-value-jumps-fourfold-to-26-billion/,2026-03-08 23:36:20+00:00
Business Insider,Oil surges above the dreaded $100 level as Iran-war market disruption deepens,"Oil surges above the dreaded $100 level as Iran-war market disruption deepens The Iran war has forced oil producers in the Middle East to cut supply, putting further upward pressure on crude prices. Oil hitting $100 per barrel was increasingly being bandied about as a possibility after the Iran war started. But it wasn't supposed to happen this quickly. Brent crude spiked as much as 19% to $110…",https://www.businessinsider.com/oil-price-shock-brent-wti-crude-100-threshold-iran-war-2026-3,2026-03-09 00:06:38+00:00
Japan Today,Nikkei falls more than 6% as oil soars over $100 a barrel,"Nikkei falls more than 6% as oil soars over $100 a barrel Japan’s benchmark Nikkei 225 index plunged more than 6% early Monday after oil prices soared to over $100 a barrel due to disruptions from the war in the Middle East. The Nikkei was down 6.2% at 52,166.92 shortly after trading began. South Korea's Kospi sank… Japans benchmark Nikkei 225 index plunged more than 6% early Monday after oil prices soared to over $100 a barrel due to disruptions from the war in the Middle East. The Nikkei was down 6.2% at 52,…",https://japantoday.com/category/business/japan%27s-nikkei-225-share-index-falls-more-than-6-as-oil-soars-over-100-a-barrel,2026-03-09 01:19:28+00:00
CoinDesk,"Oil futures surge 20% past $110 as war fears hammer Asian stocks, bitcoin steady near $67K","Oil futures surge 20% past $110 as war fears hammer Asian stocks, bitcoin steady near $67K Nikkei drops more than 6%, and Kospi slides about 8% as traders price supply disruption risk, while prediction markets show strong odds of $120 crude. Oil futures surged above $110 a barrel Monday as escalating tensions in the Middle East rattled global markets, sending Asian stocks sharply lower, with all of the region's markets opening deep in th…",https://www.coindesk.com/markets/2026/03/09/oil-futures-surge-20-past-usd110-as-war-fears-hammer-asian-stocks-bitcoin-steady-near-usd67k,2026-03-09 03:25:40+00:00
CoinDesk,Bitcoin could face deeper downside as odds of U.S. market meltdown rise to 35%,"Bitcoin could face deeper downside as odds of U.S. market meltdown rise to 35% Veteran strategist Ed Yardeni raised his probability of a stock market crash this year as oil tops $100, the dollar posts its best week in a year, and the Iran conflict expands to Saudi Arabia. Bitcoin is holding up better than it probably should. The largest cryptocurrency traded at $67,378 on Monday morning, up 1.1% over the past 24 hours and essentially flat on the week, while the world…",https://www.coindesk.com/markets/2026/03/09/bitcoin-could-face-deeper-downside-as-odds-of-u-s-market-meltdown-rise-to-35,2026-03-09 05:04:41+00:00
CoinDesk,Bitcoin steadies as limited U.S. exposure to oil shocks calms markets,"Bitcoin steadies as limited U.S. exposure to oil shocks calms markets Rising oil prices are shaking global markets, but the U.S. is largely insulated and bitcoin seems to be riding the wave alongside Wall Street. The week-long war between Iran, the U.S., and Israel has pushed oil prices on both sides of the Atlantic past $100 a barrel, threatening to inject inflation into the global economy. Asian markets are…",https://www.coindesk.com/markets/2026/03/09/u-s-isn-t-really-exposed-to-oil-shocks-and-that-might-be-helping-bitcoin,2026-03-09 06:02:27+00:00
CNA,Iran conflict forces Asian central banks into sharp policy rethink,"Iran conflict forces Asian central banks into sharp policy rethink TOKYO, March 9 : The escalating crisis in the Middle East has dramatically changed the outlook for Asian central banks, with the huge supply shock posing a difficult trade-off between underpinning growth and countering inflation.For emerging Asian central ban… TOKYO, March 9 : The escalating crisis in the Middle East has dramatically changed the outlook for Asian central banks, with the huge supply shock posing a difficult trade-off between underpinning gr…",https://www.channelnewsasia.com/business/iran-conflict-forces-asian-central-banks-sharp-policy-rethink-5981031,2026-03-09 06:08:11+00:00
The Times of India,"Why are US stock market index futures down today and Nasdaq, Dow Jones and S&P 500 in red again? Wall Street futures big crash today, analysts insights and market outlook explained. Here's what should investors do now","Why are US stock market index futures down today and Nasdaq, Dow Jones and S&P 500 in red again? Wall Street futures big crash today, analysts insights and market outlook explained. Here's what should investors do now Why are US stock market index futures down today and Nasdaq, Dow Jones and S&P 500 in red again? Wall Street futures fell more than 1% as Iran war tensions continued and oil prices neared $120. Rising inflation fears, higher bond yields, and key economic data… Why are US stock market index futures down today and Nasdaq, Dow Jones and S&amp;P 500 in red again? U.S. stock market futures moved lower on Monday as investors reacted to rising geopolitical tensio…",https://economictimes.indiatimes.com/news/international/us/why-are-us-stock-market-index-futures-down-today-and-nasdaq-dow-jones-and-sp-500-in-red-again-wall-street-futures-big-crash-today-analysts-insights-and-market-outlook-explained-heres-what-should-investors-do-now/articleshow/129321660.cms,2026-03-09 08:47:51+00:00
Yahoo Entertainment,Oil price tops $100 a barrel as Iran war rattles commodity markets,"Oil price tops $100 a barrel as Iran war rattles commodity markets The price of oil hit its highest level since the outbreak of the war in Ukraine Oil prices surged above $100 a barrel on Monday for the first time in four years as the Iran conflict entered its second week, intensifying concerns over disruptions to global energy supplies. Brent…",https://uk.finance.yahoo.com/news/oil-prices-trump-iran-israel-gold-pound-dollar-093225057.html,2026-03-09 09:32:25+00:00
NPR,World shares tumble as Iran war pushes crude prices over $110 a barrel,"World shares tumble as Iran war pushes crude prices over $110 a barrel World shares tumbled on Monday, with Japan's benchmark Nikkei 225 index plunging more than 5%, after oil prices spiked at nearly $120 a barrel. BANGKOK World shares tumbled on Monday, with Japan's benchmark Nikkei 225 index plunging more than 5%, after oil prices spiked at nearly $120 a barrel, casting a shadow over economies heavily depende…",https://www.npr.org/2026/03/09/nx-s1-5742307/world-shares-tumble-iran-war,2026-03-09 09:44:22+00:00
The Times of India,US Stocks Today: Wall Street futures slide as Mideast conflict stokes inflation worries,"US Stocks Today: Wall Street futures slide as Mideast conflict stokes inflation worries U.S. stock index futures tumbled more than 1% on Monday as oil prices soared, exacerbating inflation ​fears as hostilities in the Middle East entered their tenth day. U.S. stock index futures tumbled more than 1% on Monday as oil prices soared, exacerbating inflation fears as hostilities in the Middle East entered their tenth day.Geopolitical tensions deepened aft…",https://economictimes.indiatimes.com/markets/us-stocks/news/us-stocks-today-wall-street-futures-slide-as-mideast-conflict-stokes-inflation-worries/articleshow/129329603.cms,2026-03-09 11:19:33+00:00
Barchart.com,Will We See the Stickers Again?,"Will We See the Stickers Again? Overnight through early Monday morning saw the Energies sector hit prices not seen since 2022. <ol><li>It was more of the same to start the new week as the Energies sector exploded higher, reaching price levels not seen since 2022. </li><li>Meanwhile, US stock index futures continued to come …",https://www.barchart.com/story/news/638617/will-we-see-the-stickers-again,2026-03-09 11:28:25+00:00
Raw Story,Global panic as financial chaos greets second week of Trump's Iran war,"Global panic as financial chaos greets second week of Trump's Iran war Oil prices skyrocketed as the American and Israeli military operation against Iran entered its second week, triggering widespread fears of recession and sharp consumer price increases across the global economy.Crude oil surged 25 percent overnight Sunday to j… Oil prices skyrocketed as the American and Israeli military operation against Iran entered its second week, triggering widespread fears of recession and sharp consumer price increases across the glob…",https://www.rawstory.com/trump-iran-economy/,2026-03-09 11:53:47+00:00
The Indian Express,Government spent Rs 89 crore to advertise September 2025 GST rate cuts,"Government spent Rs 89 crore to advertise September 2025 GST rate cuts On September 3, 2025, the GST Council had announced a sweeping rationalisation of the indirect tax system, including its simplification into a two-tier structure of 5% and 18%. The Indian government spent Rs 88.74 crore on advertisements to publicise the Goods and Services Tax (GST) rate cuts that came into effect on September 22, 2025, the finance ministry told Parliament …",https://indianexpress.com/article/business/gst-rate-cuts-govt-spent-89-crore-advertise-september-2025-10573192/,2026-03-09 12:53:48+00:00
Business Insider,"Odds of a stock-market meltdown have surged as 70s-style stagflation fears flare, market vet says","Odds of a stock-market meltdown have surged as 70s-style stagflation fears flare, market vet says The risks of a market ""meltdown"" have climbed to 35%, Ed Yardeni said, as the Iran war raises the risk of stagflation hitting the economy. The oil scenario markets have feared is here, and it risks derailing the stock market's bull run, according to a longtime strategist. In a note to clients on Monday, Ed Yardeni, president of Yardeni…",https://www.businessinsider.com/stock-market-crash-iran-war-oil-prices-stagflation-bear-market-2026-3,2026-03-09 13:53:02+00:00
Barchart.com,Stocks Fall as Oil Prices Spike up to $100 Per Barrel,"Stocks Fall as Oil Prices Spike up to $100 Per Barrel The S&P 500 Index ($SPX ) (SPY ) today is down -0.9%, the Dow Jones Industrial Average ($DOWI ) (DIA ) is down -1.2%, and the Nasdaq 100 Index ($IUXX ) (QQQ ... The S&amp;P 500 Index ($SPX) (SPY) today is down -0.9%, the Dow Jones Industrial Average ($DOWI) (DIA) is down -1.2%, and the Nasdaq 100 Index ($IUXX) (QQQ) is down -0.9%. March E-mini S&amp;P futur…",https://www.barchart.com/story/news/642635/stocks-fall-as-oil-prices-spike-up-to-100-per-barrel,2026-03-09 14:03:24+00:00
CBS News,Stocks slump as Iran war sends oil prices above $100 a barrel,"Stocks slump as Iran war sends oil prices above $100 a barrel Stocks in the U.S. renewed their slide on Monday after global oil prices topped $100 a barrel for the first time since 2022. U.S. stocks tumbled in early trading on Monday after oil prices topped $100 a barrel over the weekend and the war in Iran showed no signs of abating. The S&amp;P 500 slid 88 points, or 1.3%, to 6,65…",https://www.cbsnews.com/news/stock-market-today-iran-war-oil-prices-march-9/,2026-03-09 14:18:25+00:00
CNA,Dollar gains as US-Israeli war on Iran sends oil prices soaring,"Dollar gains as US-Israeli war on Iran sends oil prices soaring NEW YORK, March 9 : The U.S. dollar rose broadly on Monday as surging oil prices, driven by the U.S.-Israeli war on Iran, pushed investors toward the safety of the greenback on fears a protracted conflict could disrupt global energy supplies and weigh on econ… NEW YORK, March 9 : The U.S. dollar rose broadly on Monday as surging oil prices, driven by the U.S.-Israeli war on Iran, pushed investors toward the safety of the greenback on fears a protracted con…",https://www.channelnewsasia.com/business/dollar-gains-us-israeli-war-iran-sends-oil-prices-soaring-5980366,2026-03-09 14:50:44+00:00
CNA,Dollar whipsawed on hopes of an end to the Iran war,"Dollar whipsawed on hopes of an end to the Iran war NEW YORK, March 9 : The dollar pared gains on Monday after U.S. President Donald Trump told CBS in an interview he thinks the war against Iran ""is very complete,"" allaying investor worries about a protracted conflict that could disrupt global energy supplies … NEW YORK, March 9 : The dollar pared gains on Monday after U.S. President Donald Trump told CBS in an interview he thinks the war against Iran ""is very complete,"" allaying investor worries about a pr…",https://www.channelnewsasia.com/business/dollar-whipsawed-hopes-end-iran-war-5980366,2026-03-09 14:50:44+00:00
CNA,Dollar higher as US-Israeli war on Iran sends oil prices soaring,"Dollar higher as US-Israeli war on Iran sends oil prices soaring NEW YORK, March 9 : The U.S. dollar strengthened against most currencies on Monday as surging oil prices, driven by the U.S.-Israeli war on Iran, pushed investors toward the safety of the greenback on fears a protracted conflict could disrupt global energy su… NEW YORK, March 9 : The U.S. dollar strengthened against most currencies on Monday as surging oil prices, driven by the U.S.-Israeli war on Iran, pushed investors toward the safety of the greenback o…",https://www.channelnewsasia.com/business/dollar-higher-us-israeli-war-iran-sends-oil-prices-soaring-5980366,2026-03-09 14:50:44+00:00
Futurism,Looks Like the Economy Is Hitting a “Nightmare Scenario”,"Looks Like the Economy Is Hitting a “Nightmare Scenario” It's looking like a ""nightmare scenario"" is unfolding as skyrocketing oil prices ""send the world economy plummeting into a deep recession."" Can’t-miss innovations from the bleeding edge of science and tech Tankers in the Strait of Hormuz have ground to a halt, cutting off much of the world from vital oil supplies due to the United State…",http://futurism.com/science-energy/economy-nightmare-scenario-oil-iran,2026-03-09 14:56:45+00:00
Fortune,"Odds of a stock market meltdown with 1970s-style stagflation jump to 35% this year, veteran strategist warns","Odds of a stock market meltdown with 1970s-style stagflation jump to 35% this year, veteran strategist warns ""The US economy and stock market are stuck between Iran and a hard place currently."" The 1970s are making a comeback, but not in a good way, as surging oil prices, a weak job market, and slowing growth revive memories of stagflation.And like the 70s, Iran is at the center of it again…",https://fortune.com/2026/03/09/stock-market-meltdown-odds-1970s-stagflation-us-iran-war-oil-prices-inflation/,2026-03-09 14:59:08+00:00
The Week Magazine,The K-shaped economy,"The K-shaped economy What happens when only the richest reap the benefits of economic growth? What is a K-shaped economy? It’s a term used by a growing number of economists to describe the two-lane scenario they see playing out in the U.S., in which higher-incomehouseholds on the upward arm …",https://theweek.com/business/economy/k-shaped-economy,2026-03-09 15:57:33+00:00
24/7 Wall St.,Social Security Retirees Are on Track for 2 Key COLA Updates In March,"Social Security Retirees Are on Track for 2 Key COLA Updates In March Retirees who collect Social Security benefits should put two dates on their calendar in March. On these days, seniors will receive news that could provide... <ul><li>Retirees will get important clues into their COLA this month. </li><li>Seniors should pay careful attention to the CPI-W numbers. </li><li>The Federal Reserve meeting will also offer insigh…",https://247wallst.com/investing/2026/03/09/social-security-retirees-are-on-track-for-2-key-cola-updates-in-march/,2026-03-09 16:05:15+00:00
CoinDesk,Bitcoin could be the big winner if the U.S.-Iran conflict drags on for months,"Bitcoin could be the big winner if the U.S.-Iran conflict drags on for months Macro strategist Mark Connors says war-driven spending, rising debt and lower interest rates could support bitcoin. Bitcoin BTC $69,030.27 may gain if a potential U.S.-Iran conflict stretches on for months as higher government spending, rising debt and lower interest rates create conditions that have historically…",https://www.coindesk.com/markets/2026/03/09/bitcoin-could-be-the-big-winner-if-the-u-s-iran-conflict-drags-on-for-months,2026-03-09 16:07:03+00:00
Business Insider,A research firm details why surging oil prices won't lead to a US inflation nightmare,"A research firm details why surging oil prices won't lead to a US inflation nightmare Stocks have plunged as the US-Iran war continues to push oil prices up, threatening to fuel higher inflation. The US war with Iran has hit stocks as it continues to push oil prices up, threatening to spur higher inflation. However, one economic research firm says fears of a sustained rise in consumer prices …",https://www.businessinsider.com/oil-prices-100-iran-war-stock-market-inflation-cpi-economy-2026-3,2026-03-09 16:07:30+00:00
24/7 Wall St.,"Finance Guru: Geopolitical conflicts typically trigger 4% S&P declines that recover within a month, but this time is different","Finance Guru: Geopolitical conflicts typically trigger 4% S&P declines that recover within a month, but this time is different Ruchir Sharma, chairman of Rockefeller International and founder of Breakout Capital, laid out a clear historical pattern on live television as markets... <ul><li>S&amp;P 500 ETF (SPY) is down 3.06% over the past month and 2.46% over the past week, approaching the historical 4% geopolitical decline threshold. </li><li>The Iran conflict arrived into a …",https://247wallst.com/investing/2026/03/09/finance-guru-geopolitical-conflicts-typically-trigger-4-sp-declines-that-recover-within-a-month-but-this-time-is-different/,2026-03-09 16:49:54+00:00
Yahoo Entertainment,European Stocks Fall as Oil Price Surge Stokes Inflation Fears,"European Stocks Fall as Oil Price Surge Stokes Inflation Fears If you click 'Accept all', we and our partners, including 245 who are part of the IAB Transparency &amp; Consent Framework, will also store and / or access information on a device (in other words, us…",https://consent.yahoo.com/v2/collectConsent?sessionId=1_cc-session_e220b0db-43c0-4ab1-be93-a0d1046b1dd1,2026-03-09 16:53:08+00:00
Yahoo Entertainment,When Will Bitcoin Bottom? Fidelity Macro Chief Says This Is The Metric To Watch,"When Will Bitcoin Bottom? Fidelity Macro Chief Says This Is The Metric To Watch Market participants interested in knowing when Bitcoin will bottom should look at the gold-to-Bitcoin ratio, Fidelity Director of Global Macro Jurrien Timmer... Benzinga and Yahoo Finance LLC may earn commission or revenue on some items through the links below. Market participants interested in knowing when Bitcoin will bottom should look at the gold-to-Bit…",https://finance.yahoo.com/news/bitcoin-bottom-fidelity-macro-chief-174540450.html,2026-03-09 17:45:40+00:00
The American Prospect,Trump’s Economy,"Trump’s Economy Bad news everywhere you look, and worse is to come. The post Trump’s Economy appeared first on The American Prospect. Foreign-policy commentators on the Iran debacle have been invoking Colin Powells so-called Pottery Barn ruleYou break it, you own it. As Powell warned George W. Bush on the eve of the Iraq War, You a…",http://prospect.org/2026/03/09/trumps-economy-iran-war-unemployment/,2026-03-09 19:00:00+00:00
Yahoo Entertainment,"Stock market today: Nasdaq gains, Dow, S&P 500 recover losses as oil prices ease after spiking above $100","Stock market today: Nasdaq gains, Dow, S&P 500 recover losses as oil prices ease after spiking above $100 Oil's rise above $100 per barrel has unleashed fears of a more severe economic impact from the war in the Middle East. US stocks recovered from steep losses on Monday, flipping firmly into the green after President Trump hinted the war with Iran could be over soon. Crude prices eased after surging past $100 per barre…",https://finance.yahoo.com/news/live/stock-market-today-dow-sp-500-nasdaq-turn-higher-oil-slides-as-trump-says-war-could-be-over-soon-193324857.html,2026-03-09 19:23:47+00:00
CNA,Analysis:Surging oil drives worries for US stock investors,"Analysis:Surging oil drives worries for US stock investors NEW YORK, March 9 : A stunning surge in oil prices above $100 a barrel is rattling U.S. stock investors, as they brace for an even sharper rise in energy prices that could stagger the economy and further damage equities.The 50 per cent jump in U.S. crude to i… NEW YORK, March 9 : A stunning surge in oil prices above $100 a barrel is rattling U.S. stock investors, as they brace for an even sharper rise in energy prices that could stagger the economy and fur…",https://www.channelnewsasia.com/business/analysissurging-oil-drives-worries-us-stock-investors-5982546,2026-03-09 19:42:40+00:00
Barchart.com,"Stocks Close Higher After President Trump says Iran War is ""Pretty Much"" Complete","Stocks Close Higher After President Trump says Iran War is ""Pretty Much"" Complete The S&P 500 Index ($SPX ) (SPY ) on Monday closed up +0.71%, the Dow Jones Industrial Average ($DOWI ) (DIA ) closed up +0.39%, and the Nasdaq 100 Index... The S&amp;P 500 Index ($SPX) (SPY) on Monday closed up +0.71%, the Dow Jones Industrial Average ($DOWI) (DIA) closed up +0.39%, and the Nasdaq 100 Index ($IUXX) (QQQ) closed up +1.13%. March E-mini …",https://www.barchart.com/story/news/650079/stocks-close-higher-after-president-trump-says-iran-war-is-pretty-much-complete,2026-03-09 20:38:38+00:00
Barchart.com,Unusual Options Activity in Small-Cap Stocks Hint at a Major Meltdown Coming,"Unusual Options Activity in Small-Cap Stocks Hint at a Major Meltdown Coming The smart money is preparing for a breakdown in small-cap stocks. I dont sugarcoat things. So lets be clear: while risk is just risk until price action follows through to the downside, it will take quite a change of circumstances to stop small-cap stocks from plumm…",https://www.barchart.com/story/news/650090/unusual-options-activity-in-small-cap-stocks-hint-at-a-major-meltdown-coming,2026-03-09 20:39:15+00:00
The Times of India,"Why are US stock market indexes down today, and Dow Jones, Nasdaq and S&P 500 in red now? Wall Street crash, biggest gainers and losers, analysts insights, market outlook","Why are US stock market indexes down today, and Dow Jones, Nasdaq and S&P 500 in red now? Wall Street crash, biggest gainers and losers, analysts insights, market outlook Why are US stock market indexes down today, and Dow Jones, Nasdaq and S&P 500 in red now? Wall Street moved lower as crude oil prices climbed and inflation concerns returned. Weak jobs data and conflict in the Middle East also affected sentiment. Analysts exp… Why are US stock market indexes down today, and Dow Jones, Nasdaq and S&amp;P 500 in red now? Wall Street opened the week with declines as investors reacted to rising crude oil prices, weak economic …",https://economictimes.indiatimes.com/news/international/us/why-are-us-stock-market-indexes-down-today-and-dow-jones-nasdaq-and-sp-500-in-red-now-wall-street-crash-biggest-gainers-and-losers-analysts-insights-market-outlook-what-should-investors-do-now/articleshow/129355120.cms,2026-03-09 20:43:21+00:00
CoinDesk,How the war in Iran and trader positioning could be behind the surge in Circle's stock,"How the war in Iran and trader positioning could be behind the surge in Circle's stock Shares were up another 9.7% on Monday, bringing them nearly to double over the past month. Already on a tear ahead of the war in Iran, Circle (CRCL) might be an unlikely beneficiary of the conflict. The stock rose 10% on Monday, outperforming other crypto-linked equities, with the shares …",https://www.coindesk.com/markets/2026/03/09/how-the-war-in-iran-and-trader-positioning-could-be-behind-the-surge-in-circle-s-stock,2026-03-09 20:49:08+00:00
Yahoo Entertainment,"Stock market today: Dow, S&P 500, Nasdaq futures falter, oil slides as Wall Street weighs Iran war signals","Stock market today: Dow, S&P 500, Nasdaq futures falter, oil slides as Wall Street weighs Iran war signals Wall Street is adjusting to a historic spike and fall in oil prices after the global economy was thrown into disarray. US stock futures stalled on Tuesday as investors weighed President Trump's hint at a fast end to the Iran war, which sent oil prices sliding and raised hopes of limited economic fallout from the conf…",https://finance.yahoo.com/news/live/stock-market-today-dow-sp-500-nasdaq-futures-falter-oil-slides-as-wall-street-weighs-iran-war-signals-224255455.html,2026-03-09 22:42:55+00:00
Yahoo Entertainment,"Stock market today: Dow, S&P 500, Nasdaq futures rise, oil slides after volatile day on Wall Street","Stock market today: Dow, S&P 500, Nasdaq futures rise, oil slides after volatile day on Wall Street Wall Street is adjusting to a historic spike and fall in oil prices after the global economy was thrown into disarray. US stock futures rose early Tuesday after a turbulent session in which equities staged a sharp rebound after plummeting against soaring oil prices. Dow Jones Industrial Average futures (YM=F) put on…",https://finance.yahoo.com/news/live/stock-market-today-dow-sp-500-nasdaq-futures-rise-oil-slides-after-volatile-day-on-wall-street-224255037.html,2026-03-09 22:42:55+00:00
Yahoo Entertainment,Xcel Energy (XEL) and Avangrid Extend Power Purchase Agreement for 150MW Wind Project,"Xcel Energy (XEL) and Avangrid Extend Power Purchase Agreement for 150MW Wind Project Xcel Energy Inc. (NASDAQ:XEL) is one of the best NASDAQ stocks to buy according to hedge funds. On February 25, Xcel Energy reached an agreement with... Xcel Energy Inc. (NASDAQ:XEL) is one of the best NASDAQ stocks to buy according to hedge funds. On February 25, Xcel Energy reached an agreement with Avangrid to extend its existing Power Purchase Ag…",https://finance.yahoo.com/news/xcel-energy-xel-avangrid-extend-001439707.html,2026-03-10 00:14:39+00:00
The Times of India,US Stock Market | Wall Street ends higher as hopes of Iran war resolution offset inflation fears,"US Stock Market | Wall Street ends higher as hopes of Iran war resolution offset inflation fears Wall Street stocks rebounded sharply in late trading Monday, reversing earlier losses after President Trump indicated the U.S.-Iran conflict might be nearing an end. This late surge followed a volatile session driven by oil price fluctuations and concerns ove… NEW YORK: Wall Street stocks clawed their way back from a steep selloff to close higher on Monday, notching a final-hour rebound after U.S. President Donald Trump suggested that the U.S.-Israeli war …",https://economictimes.indiatimes.com/markets/us-stocks/news/us-stock-market-wall-street-ends-higher-as-hopes-of-iran-war-resolution-offset-inflation-fears/articleshow/129364814.cms,2026-03-10 00:38:12+00:00
The Punch,Global equities slide amid rising Middle East unrest,"Global equities slide amid rising Middle East unrest Global equities slide as Middle East conflict pushes crude oil over $120. Investors face stagflation fears as geopolitical chaos roils financial markets. Read More: https://punchng.com/global-equities-slide-amid-rising-middle-east-unrest/ Global financial markets faced a seismic shock on Monday as the intensification of the conflict between the United States, Israel and Iran sent crude oil prices soaring above $120 per barrel. The vi…",https://punchng.com/global-equities-slide-amid-rising-middle-east-unrest/,2026-03-10 00:52:39+00:00
CoinDesk,"Ether, solana, XRP jump higher as Trump signals Iran war nearing end","Ether, solana, XRP jump higher as Trump signals Iran war nearing end Major altcoins bounced alongside risk assets on Tuesday after the president said U.S. military objectives were ""pretty well complete."" Major tokens snapped back on Tuesday as ceasefire optimism rippled through risk markets. Ether reclaimed $2,029, up 2.6% over the past 24 hours and back above the $2,000 level that has served as a p…",https://www.coindesk.com/markets/2026/03/10/ether-solana-xrp-jump-higher-as-trump-signals-iran-war-nearing-end,2026-03-10 04:42:56+00:00
Business Insider,A top economist says he sees a 'very significant' recession coming in 2027 as fiscal stimulus and AI capex dry up,"A top economist says he sees a 'very significant' recession coming in 2027 as fiscal stimulus and AI capex dry up Top economist David Rosenberg sees a ""very significant"" US recession once fiscal stimulus dries up and AI-related capex starts to wane. One of the most-predicted US recessions in history could be around the corner, according to the economist who's been eying the risk of a downturn since 2022. David Rosenberg, a top economist and the…",https://www.businessinsider.com/recession-stock-market-outlook-us-economy-fiscal-stimulus-ai-investment-2026-3,2026-03-10 09:45:01+00:00
CoinDesk,"Nvidia's Huang argues AI creates jobs, not destroys them, in rare official blog post","Nvidia's Huang argues AI creates jobs, not destroys them, in rare official blog post The Nvidia CEO laid out a five-layer framework for AI infrastructure in his first standalone blog post in months, pushing back against the narrative that AI will destroy jobs. The AI jobs debate got its sharpest rebuttal yet on Tuesday, from the person selling the hardware. Nvidia CEO Jensen Huang published a rare standalone essay on Tuesday laying out what he calls the ""…",https://www.coindesk.com/tech/2026/03/10/nvidia-s-huang-argues-ai-creates-jobs-not-destroys-them-in-rare-official-blog,2026-03-10 11:31:49+00:00
The Times of India,US Stocks Today | US stocks futures rise on hopes for early end to Middle East conflict,"US Stocks Today | US stocks futures rise on hopes for early end to Middle East conflict U.S. stock index futures ticked up on Tuesday, ​as investors hoped for a quicker resolution to the Middle East conflict that has led to a spike in energy prices and stoked inflation concerns, following President Donald Trump's comments on the war. U.S. stock index futures ticked up on Tuesday, as investors hoped for a quicker resolution to the Middle East conflict that has led to a spike in energy prices and stoked inflation concerns, followin…",https://economictimes.indiatimes.com/markets/us-stocks/us-stocks-today-us-stocks-futures-rise-on-hopes-for-early-end-to-middle-east-conflict/articleshow/129393967.cms,2026-03-10 11:47:22+00:00
Business Insider,Oil surged past $100 before coming back to Earth. Wall Street is bracing for what comes next.,"Oil surged past $100 before coming back to Earth. Wall Street is bracing for what comes next. Stocks emerged unscathed on Monday after a wild day in the oil markets. Can it last? Oil skyrocketed past $100 a barrel over the weekend because of the war in Iran, but later retreated.David McNew/Getty Images <ul><li>This post originally appeared in the Business Insider Today newsl…",https://www.businessinsider.com/oil-prices-soar-retreat-wall-street-government-reactions-inflation-2026-3,2026-03-10 11:47:43+00:00
Ritholtz.com,"Transcript: Ed Perks, Franklin Income Investors CIO / Franklin Advisers President","Transcript: Ed Perks, Franklin Income Investors CIO / Franklin Advisers President The transcript from this week’s, MiB: Ed Perks, Franklin Income Investors CIO / Franklin Advisers President, is below. You can stream and download our full conversation, including any podcast extras, on Apple Podcasts, Spotify, YouTube, and Bloomberg. All of … The transcript from this weeks, MiB: Ed Perks, Franklin Income Investors CIO / Franklin Advisers President, is below. You can stream and download our full conversation, including any podcast extras,…",https://ritholtz.com/2026/03/transcript-ed-perks/,2026-03-10 12:30:52+00:00
Financial Post,Oil’s Brief Surge Above $100 Exposes Inflation Risk for Stocks,"Oil’s Brief Surge Above $100 Exposes Inflation Risk for Stocks Last week, Morgan Stanley said oil would need to remain over $100 a barrel to dislodge the bank’s bullish outlook for US stocks. Evercore ISI said crude priced between $93 and $97 would signal that equities are headed for a drop. (Bloomberg) Last week, Morgan Stanley said oil would need to remain over $100 a barrel to dislodge the banks bullish outlook for US stocks. Evercore ISI said crude priced between $93 and $97 would si…",https://financialpost.com/pmn/business-pmn/oils-brief-surge-above-100-exposes-inflation-risk-for-stocks,2026-03-10 12:39:10+00:00
CNA,"Stocks gain, oil prices pull back as Trump and Iran trade barbs","Stocks gain, oil prices pull back as Trump and Iran trade barbs BOSTON/LONDON, March 10 : Wall Street stocks advanced and oil prices plummeted on Tuesday after U.S. President Donald Trump declared the Middle East war could be ""over soon"" despite defiant comments from Iran’s military that cast some doubt over the prospects… BOSTON/LONDON, March 10 : Wall Street stocks advanced and oil prices plummeted on Tuesday after U.S. President Donald Trump declared the Middle East war could be ""over soon"" despite defiant comments …",https://www.channelnewsasia.com/business/stocks-gain-oil-prices-pull-back-trump-and-iran-trade-barbs-5983111,2026-03-10 13:08:17+00:00
CNA,"Stocks mixed, oil prices pull back as Trump and Iran trade barbs","Stocks mixed, oil prices pull back as Trump and Iran trade barbs BOSTON/LONDON, March 10 : Wall Street stocks fell and oil prices dropped on Tuesday after U.S. President Donald Trump declared the Middle East war could be ""over soon"" despite defiant comments from Iran’s military that cast some doubt over the prospects of a … BOSTON/LONDON, March 10 : Wall Street stocks fell and oil prices dropped on Tuesday after U.S. President Donald Trump declared the Middle East war could be ""over soon"" despite defiant comments from I…",https://www.channelnewsasia.com/business/stocks-mixed-oil-prices-pull-back-trump-and-iran-trade-barbs-5983111,2026-03-10 13:08:17+00:00
TheStreet,JPMorgan delivers a stark message for investors in stocks,"JPMorgan delivers a stark message for investors in stocks Wall Street's biggest bank is not telling investors to panic. But it is telling them to brace for more turbulence before things get better. Mislav Matejka... Wall Street's biggest bank is not telling investors to panic. But it is telling them to brace for more turbulence before things get better. Mislav Matejka, JPMorgan's head of global equity strategy,…",https://www.thestreet.com/investing/stocks/jpmorgan-delivers-a-stark-message-for-investors-in-stocks,2026-03-10 13:33:00+00:00
The Times of India,"Why is the US stock market surging today? Dow Jones, S&P 500 and Nasdaq turn green while oil prices fall as Oracle earnings come in line","Why is the US stock market surging today? Dow Jones, S&P 500 and Nasdaq turn green while oil prices fall as Oracle earnings come in line US stock market today shows cautious strength. The Dow Jones rose to 47,804, gaining 63 points. The S&P 500 climbed to 6,802, while the Nasdaq reached 22,759. Investors are reacting to Oracle earnings that came in line with expectations, which supports techno… US stock market today opened with mixed but improving momentum as major benchmarks slowly turned green. The Dow Jones Industrial Average climbed to 47,804.58, gaining 63.78 points, while the S&amp;P …",https://economictimes.indiatimes.com/news/international/us/why-is-us-stock-market-dow-jones-sp-500-and-nasdaq-all-surging-today-dow-sp-500-and-nasdaq-turn-green-today-while-oil-turns-red-as-oracle-earnings-come-in-line/articleshow/129402726.cms,2026-03-10 14:49:15+00:00
RT,Between Hormuz and Moscow: How India manages oil in a world of chokepoints,"Between Hormuz and Moscow: How India manages oil in a world of chokepoints New Delhi is hedging Middle East turmoil with Russian crude and strategic stocks, turning “energy security” into practiced non‑alignment Read Full Article at RT.com At India Energy Week 2026 in January, the key event for the country's oil and gas industry, officials signaled a confident assertion of India’s place in global energy: not only as the world’s third-l…",https://www.rt.com/india/634371-hormuz-moscow-india-oil-imports/,2026-03-10 16:52:00+00:00
CBS News,3 gold investing questions to ask this March,3 gold investing questions to ask this March Want to improve your chances of gold investing success this March? Start by answering these three critical questions. There are some timely gold investing questions to consider before getting started this March. sankai/Getty Images Gold has long been considered a wise investment when pursued in limited increments.…,https://www.cbsnews.com/news/gold-investing-questions-to-ask-march-2026/,2026-03-10 17:26:33+00:00
The Times of India,Why is Dow Jones surging today? Dow jumps nearly 400 points — Will S&P 500 and Nasdaq extend the US stock market rally?,"Why is Dow Jones surging today? Dow jumps nearly 400 points — Will S&P 500 and Nasdaq extend the US stock market rally? Dow Jones today: The Dow Jones Industrial Average rose to 48,133, up about 0.82%, while the S&P 500 climbed to 6,834 and the Nasdaq Composite reached 22,865. Investors returned to equities after oil prices dropped near $84 per barrel, easing inflation fears. … Dow Jones today: Stock market today saw a rebound across U.S. indexes as investors balanced rising Middle East tensions with falling oil prices. The Dow Jones Industrial Average jumped 0.61% to 48,03…",https://economictimes.indiatimes.com/news/international/us/why-is-dow-jones-surging-today-dow-jumps-nearly-400-points-will-sp-500-and-nasdaq-extend-the-us-stock-market-rally/articleshow/129411576.cms,2026-03-10 18:06:22+00:00
ABC News (AU),Head in the sand? Why our markets keep pushing higher,"Head in the sand? Why our markets keep pushing higher ""Up the stairs and down the elevator"" has been the rule of thumb for decades in financial markets — but apparently it's not the case any longer. Up the stairs and down the elevator. For decades that's been the rule of thumb when it comes to financial markets months or even years of slow, hard-fought gains interspersed with the occasional vio…",https://www.abc.net.au/news/2026-03-11/why-financial-markets-have-thrown-logic-to-the-wind/106438760,2026-03-10 19:04:18+00:00
Breitbart News,Nvidia CEO Jensen Huang: AI Can Create Millions of Good Jobs,Nvidia CEO Jensen Huang: AI Can Create Millions of Good Jobs Nvidia CEO Jensen Huang published a comprehensive essay on Tuesday arguing that AI represents an industrial transformation comparable to electrification that will generate millions of well-paying jobs rather than eliminate employment opportunities. Code Red a… Nvidia CEO Jensen Huang published a comprehensive essay on Tuesday arguing that AI represents an industrial transformation comparable to electrification that will generate millions of well-paying job…,https://www.breitbart.com/tech/2026/03/10/nvidia-ceo-jensen-huang-ai-can-create-millions-of-good-jobs/,2026-03-10 19:19:00+00:00
Yahoo Entertainment,US Stocks Erase Gains as Confusion Over Oil Tanker Takes Hold,"US Stocks Erase Gains as Confusion Over Oil Tanker Takes Hold The Nasdaq 100 Index closed little changed. The Cboe Volatility Index hovered around after touching the highest since April in the prior session... Photographer: Michael Nagle/Bloomberg (Bloomberg) -- US stocks inched lower, wiping out earlier gains, as conflicting reports about shipping in the Strait of Hormuz weighed on investor sentiment. T…",https://finance.yahoo.com/news/us-stocks-advance-g-7-161648062.html,2026-03-10 20:33:40+00:00
ABC News (AU),Markets live: ASX to recover despite Trump officials' conflicting signals on war,"Markets live: ASX to recover despite Trump officials' conflicting signals on war Comments from the RBA deputy sent rate hike expectations soaring. The Australian share market is likely to start its day higher, even as officials from the Trump administration give conflicting accounts on how ""soon"" the Middle East war will end. Follow live. Good morning, and welcome to the ABC's finance blog! I'll be guiding you through the latest market action for the next few hours. It's fair to say markets have no idea what to make of all the mixe…",https://www.abc.net.au/news/2026-03-11/asx-markets-business-live-news/106439790,2026-03-10 21:08:58+00:00
Yahoo Entertainment,"Stock market today: Dow, S&P 500, Nasdaq futures waver amid continued Iran fallout, with CPI on deck","Stock market today: Dow, S&P 500, Nasdaq futures waver amid continued Iran fallout, with CPI on deck Wall Street continues to be buffeted by the winds of war, as the effects of the Iran war are being seen through widespread volatility. US stock futures fluctuated on Wednesday as investors eyed attacks on shipping in the Iran war and braced for the latest inflation report, which could help shape expectations for the economy and Fede…",https://finance.yahoo.com/news/live/stock-market-today-dow-sp-500-nasdaq-futures-waver-amid-continued-iran-fallout-with-cpi-on-deck-231325631.html,2026-03-10 23:13:25+00:00
Yahoo Entertainment,"Stock market today: Dow, S&P 500, Nasdaq futures waver amid fresh inflation data, continued Iran fallout","Stock market today: Dow, S&P 500, Nasdaq futures waver amid fresh inflation data, continued Iran fallout If you click 'Accept all', we and our partners, including 245 who are part of the IAB Transparency &amp; Consent Framework, will also store and / or access information on a device (in other words, us…",https://consent.yahoo.com/v2/collectConsent?sessionId=1_cc-session_ccfa75c3-87ce-4b5a-a74d-9376fedc72b9,2026-03-10 23:13:25+00:00
The Times of India,US Stock Market | Wall Street closes mixed on ramped-up Middle East tensions,"US Stock Market | Wall Street closes mixed on ramped-up Middle East tensions U.S. stocks declined as fading hopes for a swift end to the U.S.-Israeli war on Iran, coupled with renewed military threats and stagflation worries, weighed on investor sentiment. The Dow and S&P 500 fell, while the Nasdaq saw a slight gain amid market confus… NEW YORK: U.S. stocks lost steam on Tuesday, with the S&amp;P 500 giving up early gains to skid into negative territory as investors weighed fading hopes for an earlier-than-expected end to the U.S.-…",https://economictimes.indiatimes.com/markets/us-stocks/news/us-stock-market-wall-street-closes-mixed-on-ramped-up-middle-east-tensions/articleshow/129430240.cms,2026-03-11 01:24:34+00:00
Cointelegraph,Bitcoin permabull Arthur Hayes says he wouldn't bet $1 on BTC right now,"Bitcoin permabull Arthur Hayes says he wouldn't bet $1 on BTC right now BitMEX co-founder Arthur Hayes says he would rather wait than make a bet on Bitcoin amid rising geopolitical tensions, adding that the turning point is when the US Fed starts printing money. BitMEX co-founder Arthur Hayes, who has projected Bitcoin to hit $250,000 this year, says hed rather wait-and-see than invest in Bitcoin at the moment, holding off until the US Federal Reserve loosen…",https://cointelegraph.com/news/bitcoiner-arthur-hayes-hesitant-buying-btc-federal-reserve-monetary-stance,2026-03-11 02:05:53+00:00
The Times of India,"Private banks, tech and capex stocks look promising after market dip: Sandip Agarwal","Private banks, tech and capex stocks look promising after market dip: Sandip Agarwal Market volatility has created buying opportunities. Valuations are now more attractive, supported by central bank liquidity. Long-term investors can cautiously build positions. Sectors like IT and private banks are showing promise. Manufacturing and select ph… After weeks of volatility and a sharp correction across segments of the market, investors are beginning to ask whether the decline has created a buying opportunity. While uncertainty linked to global…",https://economictimes.indiatimes.com/markets/expert-view/private-banks-tech-and-capex-stocks-look-promising-after-market-dip-sandip-agarwal/articleshow/129438284.cms,2026-03-11 04:56:47+00:00
CoinDesk,"Bitcoin steady above $70,000 as IEA proposes largest-ever oil reserve release","Bitcoin steady above $70,000 as IEA proposes largest-ever oil reserve release The largest cryptocurrency gained 7% from Monday's lows as energy price fears eased, with Asian equities rising 1.8% and Brent crude dropping below $90 for the first time since the war began. Bitcoin BTC $69,788.58 touched $71,612 on Tuesday evening before settling back to $70,036 by Wednesday's Asian session, as oil price slide revved up risk sentiment. A key catalyst was a Wall Stree…",https://www.coindesk.com/markets/2026/03/11/bitcoin-steady-above-usd70-000-as-iea-proposes-largest-ever-oil-reserve-release,2026-03-11 05:16:45+00:00
The Times of India,Global Market | Higher fuel bills and market volatility to test resilience of US and global economy,"Global Market | Higher fuel bills and market volatility to test resilience of US and global economy Rising fuel costs and renewed market volatility are raising concerns that the conflict involving the United States, Israel and Iran could strain U.S. consumer spending and spill over into global equities. Higher gasoline prices, softer stock markets and heigh… Escalating fuel costs and renewed volatility in financial markets are raising concerns that the ongoing conflict involving the United States, Israel, and Iran could weigh on consumer spending in the …",https://economictimes.indiatimes.com/markets/us-stocks/news/global-market-higher-fuel-bills-and-market-volatility-to-test-resilience-of-us-and-global-economy/articleshow/129439751.cms,2026-03-11 05:27:45+00:00
Japan Today,Asian shares advance as markets await signals on when war with Iran may end,"Asian shares advance as markets await signals on when war with Iran may end Asian shares were mostly higher Wednesday with several benchmarks giving up much of their early gains as investors awaited signals on when the war with Iran may end. U.S. futures rose and oil prices were mixed. Tokyo's Nikkei 225 gained 1.3% to 54,926.50 and … Asian shares were mostly higher Wednesday with several benchmarks giving up much of their early gains as investors awaited signals on when the war with Iran may end. U.S. futures rose and oil prices…",https://japantoday.com/category/business/asian-shares-advance-as-markets-await-signals-on-when-the-war-with-iran-may-end,2026-03-11 07:03:16+00:00
CoinDesk,"Bitcoin stuck under $70,000 as investors play it safe before U.S. inflation report","Bitcoin stuck under $70,000 as investors play it safe before U.S. inflation report The day ahead in crypto: March 11, 2026 By Omkar Godbole (All times ET unless indicated otherwise) Bitcoin BTC $69,472.86 slipped back below $70,000 as war in the Middle East and U.S. inflation data due later today keep investors cautiou…",https://www.coindesk.com/daybook-us/2026/03/11/bitcoin-stuck-under-usd70-000-as-investors-play-it-safe-before-u-s-inflation-report,2026-03-11 11:15:00+00:00
The Times of India,"US Stocks Today | Wall Street futures edge up as investors eye crude prices, inflation report","US Stocks Today | Wall Street futures edge up as investors eye crude prices, inflation report U.S. stock index futures edged higher in choppy trading on Wednesday as investors assessed the outlook for crude prices and awaited a key inflation report, while tensions in the Middle East continued to escalate. U.S. stock index futures edged higher in choppy trading on Wednesday as investors assessed the outlook for crude prices and awaited a key inflation report, while tensions in the Middle East continued…",https://economictimes.indiatimes.com/markets/us-stocks/news/us-stocks-today-wall-street-futures-edge-up-as-investors-eye-crude-prices-inflation-report/articleshow/129459735.cms,2026-03-11 11:54:39+00:00
newsBTC,Bitcoin Price Holds Near $70K As Markets Brace For Key Event,"Bitcoin Price Holds Near $70K As Markets Brace For Key Event Bitcoin is holding up near the upper $60Ks–$70K region despite a sharp macro shock, showing relative resilience versus equities and other risk assets. Related Reading: Bitcoin Reclaims $70,000 as Iran War Jitters Ease and Volatility Cools Bitcoin Is Resilient… Bitcoin is holding up near the upper $60Ks$70K region despite a sharp macro shock, showing relative resilience versus equities and other risk assets. Bitcoin appears to have passed the first stress …",http://www.newsbtc.com/bitcoin-news/bitcoin-price-holds-near-70k-as-markets-brace-for-key-event/,2026-03-11 12:31:19+00:00
24/7 Wall St.,What Happens to Dividend Income When the Next Recession Hits,"What Happens to Dividend Income When the Next Recession Hits Recession fears have a way of making income investors second-guess everything, and if dividends are paid out of cash flow, and cash flow shrinks during... Recession fears have a way of making income investors second-guess everything, and if dividends are paid out of cash flow, and cash flow shrinks during economic downturns, it only seems logical that …",https://247wallst.com/investing/2026/03/11/what-happens-to-dividend-income-when-the-next-recession-hits/,2026-03-11 12:55:50+00:00
Barchart.com,The ‘Flight to Quality’ Isn’t Working as the S&P 500 Stalls Out. This ETF Shows Why.,"The ‘Flight to Quality’ Isn’t Working as the S&P 500 Stalls Out. This ETF Shows Why. When the bears come to prowl, few stocks, if any, are spared. The Invesco S&amp;P 500 Quality ETF (SPHQ) is currently a source of frustration for investors who expect high-quality companies to lead during periods of market stress. While the fund has delivered a…",https://www.barchart.com/story/news/687963/the-flight-to-quality-isnt-working-as-the-s-p-500-stalls-out-this-etf-shows-why,2026-03-11 13:00:02+00:00
Reason,War Rations,"War Rations Plus: Pete Hegseth spends millions on lobster tail and rib-eye steak, oil prices go for another roller-coaster ride, no inflation increase, and more... Warrior EAThos. Defense Secretary Pete Hegseth spent tens of millions of dollars on lobster and steak dinners, among other frivolous and questionable purchases, during his first year in the Trump adm…",https://reason.com/2026/03/11/war-rations/,2026-03-11 13:28:57+00:00
Yahoo Entertainment,5 Safest Places To Keep Your Money During the Iran War,"5 Safest Places To Keep Your Money During the Iran War As uncertainty around the war grows, investors are seeking safety. See some of the safest investments to protect your money during geopolitical turmoil. As the uncertainty of the Iran war unfolds, investors are looking for safe havens for their money. Between the uncertain duration and outcome of the war, investors are also concerned about the price …",https://finance.yahoo.com/news/5-safest-places-keep-money-133537504.html,2026-03-11 13:35:37+00:00
Yahoo Entertainment,"Stock market today: Dow, S&P 500, Nasdaq slip amid fresh inflation data, continued Iran fallout","Stock market today: Dow, S&P 500, Nasdaq slip amid fresh inflation data, continued Iran fallout If you click 'Accept all', we and our partners, including 245 who are part of the IAB Transparency &amp; Consent Framework, will also store and / or access information on a device (in other words, us…",https://consent.yahoo.com/v2/collectConsent?sessionId=1_cc-session_bad3bfd1-a8f2-4195-9648-cb17bfed2eb1,2026-03-11 13:35:43+00:00
Yahoo Entertainment,"Stock market today: S&P 500 and Nasdaq rise, Dow slips amid fresh inflation data, continued Iran fallout","Stock market today: S&P 500 and Nasdaq rise, Dow slips amid fresh inflation data, continued Iran fallout If you click 'Accept all', we and our partners, including 245 who are part of the IAB Transparency &amp; Consent Framework, will also store and / or access information on a device (in other words, us…",https://consent.yahoo.com/v2/collectConsent?sessionId=1_cc-session_bb9ddabe-bcce-44a3-bf17-995b04e0a80f,2026-03-11 13:35:43+00:00
Yahoo Entertainment,"Stock market today: Nasdaq rises, S&P 500 and Dow slip amid fresh inflation data, continued Iran fallout","Stock market today: Nasdaq rises, S&P 500 and Dow slip amid fresh inflation data, continued Iran fallout Wall Street continues to be buffeted by the winds of war, as the effects of the Iran war are being seen through widespread volatility. Consumer prices rose 0.3% in February over the previous month, according to data released by the Bureau of Labor Statistics on Friday morning, matching expectations and rising slightly higher than th…",https://finance.yahoo.com/news/live/stock-market-today-nasdaq-rises-sp-500-and-dow-slip-amid-fresh-inflation-data-continued-iran-fallout-133543930.html,2026-03-11 13:35:43+00:00
CNA,"Stocks mixed, dollar edges up after US inflation; focus squarely on oil","Stocks mixed, dollar edges up after US inflation; focus squarely on oil BOSTON/LONDON, March 11 : Global shares were mixed and the dollar held firm on Wednesday, after data showed U.S. inflation picked up as expected in February, although most investor focus was squarely on the oil price and on the chances that the U.S.-Israeli w… BOSTON/LONDON, March 11 : Global shares were mixed and the dollar held firm on Wednesday, after data showed U.S. inflation picked up as expected in February, although most investor focus was squarely…",https://www.channelnewsasia.com/business/stocks-mixed-dollar-edges-up-after-us-inflation-focus-squarely-oil-5985606,2026-03-11 13:58:15+00:00
CNA,"Stocks dip, Treasury yields jump as oil pushes higher","Stocks dip, Treasury yields jump as oil pushes higher BOSTON/LONDON, March 11 : Wall Street shares fell but the dollar held firm on Wednesday, after data showed U.S. inflation picked up as expected in February, although most investor focus was squarely on the oil price and on the chances that the U.S.-Israeli wa… BOSTON/LONDON, March 11 : Wall Street shares fell but the dollar held firm on Wednesday, after data showed U.S. inflation picked up as expected in February, although most investor focus was squarely …",https://www.channelnewsasia.com/business/stocks-dip-treasury-yields-jump-oil-pushes-higher-5985606,2026-03-11 13:58:15+00:00
CNA,"Stocks fall, dollar edges up after US inflation; focus squarely on oil","Stocks fall, dollar edges up after US inflation; focus squarely on oil BOSTON/LONDON, March 11 : Wall Street shares fell but the dollar held firm on Wednesday, after data showed U.S. inflation picked up as expected in February, although most investor focus was squarely on the oil price and on the chances that the U.S.-Israeli wa… BOSTON/LONDON, March 11 : Wall Street shares fell but the dollar held firm on Wednesday, after data showed U.S. inflation picked up as expected in February, although most investor focus was squarely …",https://www.channelnewsasia.com/business/stocks-fall-dollar-edges-up-after-us-inflation-focus-squarely-oil-5985606,2026-03-11 13:58:15+00:00
CoinDesk,"Bitcoin reverses overnight losses, rising to above $70,000 as oil renews decline","Bitcoin reverses overnight losses, rising to above $70,000 as oil renews decline Wednesday morning's U.S. inflation data was in line with forecasts, and markets continue to price out any chance of a Fed rate cut at either the March or April meetings. After retreating back to the $69,000 area during early U.S. morning hours Wednesday, bitcoin BTC $70,386.61 has quickly spiked to nearly $71,000. Other crypto assets, including ether (ETH), solana …",https://www.coindesk.com/markets/2026/03/11/bitcoin-reverses-overnight-losses-rising-to-above-usd70-000-as-oil-renews-decline,2026-03-11 14:21:03+00:00
The Times of India,"US stock market Dow Jones, S&P 500, Nasdaq crash: Why Dow, S&P 500 and Nasdaq are down today? Nvidia, Nebius and Oracle stocks move","US stock market Dow Jones, S&P 500, Nasdaq crash: Why Dow, S&P 500 and Nasdaq are down today? Nvidia, Nebius and Oracle stocks move US stock market Dow Jones, S&P 500, Nasdaq crash: The Dow Jones fell 390 points to 47,316. The S&P 500 slipped to 6,765. The Nasdaq held near 22,687. Investors reacted to fresh US CPI inflation data, which rose 0.3% monthly and 2.4% yearly. Oil prices also ju… US stock market Dow Jones, S&amp;P 500, Nasdaq crash: US stock market today opened with mixed momentum as investors reacted to fresh inflation data, rising oil prices, and major tech sector developme…",https://economictimes.indiatimes.com/news/international/us/us-stock-market-dow-jones-sp-500-nasdaq-crash-why-dow-sp-500-and-nasdaq-are-down-today-nvidia-nebius-and-oracle-stocks-move/articleshow/129469129.cms,2026-03-11 15:31:36+00:00
The Times of India,US stocks today: Dow Jones drops 500 points as oil prices surge despite IEA move to release reserves,"US stocks today: Dow Jones drops 500 points as oil prices surge despite IEA move to release reserves Wall Street indexes dropped as investors weighed inflation data and a record crude oil reserve release aimed at curbing soaring energy prices amid Middle East tensions. Despite the IEA's move, oil prices climbed, and equities slipped after Iran's military war… Wall Street's main indexes dropped on Wednesday as investors assessed a key inflation report and the International Energy Agency's decision to release an unprecedented amount of crude oil reserves to…",https://economictimes.indiatimes.com/markets/us-stocks/news/us-stocks-today-dow-jones-drops-500-points-as-oil-prices-surge-despite-iea-move-to-release-reserves/articleshow/129470704.cms,2026-03-11 16:07:13+00:00
Barchart.com,"Stocks Pressured by Higher Oil Prices, But Positive Oracle AI News Helps Tech Stocks","Stocks Pressured by Higher Oil Prices, But Positive Oracle AI News Helps Tech Stocks The S&P 500 Index ($SPX ) (SPY ) is down -0.30%, the Dow Jones Industrial Average ($DOWI ) (DIA ) is down -0.88%, and the Nasdaq 100 Index ($IUXX ) (QQQ ) is... The S&amp;P 500 Index ($SPX) (SPY) is down -0.30%, the Dow Jones Industrial Average ($DOWI) (DIA) is down -0.88%, and the Nasdaq 100 Index ($IUXX) (QQQ) is down -0.11%. March E-mini S&amp;P futures …",https://www.barchart.com/story/news/693420/stocks-pressured-by-higher-oil-prices-but-positive-oracle-ai-news-helps-tech-stocks,2026-03-11 16:22:51+00:00
New York Post,"Dow sinks 400 points, oil heads to $90 as Iran war fears grip Wall Street","Dow sinks 400 points, oil heads to $90 as Iran war fears grip Wall Street Oil prices briefly spiked to their highest levels since 2022 this week. Stocks slipped Wednesday, with the Dow tumbling 400 points, as the price of oil gets back to rising. The blue-chip index pared losses, sliding nearly 1% to 47,339, and the Nasdaq composite was 0.2% …",https://nypost.com/2026/03/11/business/dow-sinks-500-points-oil-heads-to-90-as-iran-war-fears-grip-wall-street/,2026-03-11 16:53:31+00:00
GlobeNewswire,Jeffrey Ludwig Reappointed to Federal Reserve Advisory Council,"Jeffrey Ludwig Reappointed to Federal Reserve Advisory Council EFFINGHAM, Ill., March 11, 2026 (GLOBE NEWSWIRE) -- Midland States Bancorp, Inc. (Nasdaq: MSBI) (“Midland” or the “Company”) announced today that Jeffrey G. Ludwig, President and Chief Executive Officer has been reappointed to the Federal Advisory Council (“F… EFFINGHAM, Ill., March 11, 2026 (GLOBE NEWSWIRE) -- Midland States Bancorp, Inc. (Nasdaq: MSBI) (Midland or the Company) announced today that Jeffrey G. Ludwig, President and Chief Executive Officer …",https://www.globenewswire.com/news-release/2026/03/11/3254167/0/en/Jeffrey-Ludwig-Reappointed-to-Federal-Reserve-Advisory-Council.html,2026-03-11 20:31:00+00:00
Barchart.com,"Stocks Pressured by Higher Oil Prices, But Positive Oracle AI News Helps Tech Stocks","Stocks Pressured by Higher Oil Prices, But Positive Oracle AI News Helps Tech Stocks The S&P 500 Index ($SPX ) (SPY ) on Wednesday fell -0.08%, the Dow Jones Industrial Average ($DOWI ) (DIA ) fell -0.61%, and the Nasdaq 100 Index ($IUXX... The S&amp;P 500 Index ($SPX) (SPY) on Wednesday fell -0.08%, the Dow Jones Industrial Average ($DOWI) (DIA) fell -0.61%, and the Nasdaq 100 Index ($IUXX) (QQQ) rose +0.03%. March E-mini S&amp;P futu…",https://www.barchart.com/story/news/697895/stocks-pressured-by-higher-oil-prices-but-positive-oracle-ai-news-helps-tech-stocks,2026-03-11 20:33:33+00:00
MarketBeat,Market Crash Warning? Wall Street Veteran Says Mid-March Could Mark a Turning Point,"Market Crash Warning? Wall Street Veteran Says Mid-March Could Mark a Turning Point Marc Chaikin explains why the presidential election cycle, weakening tech stocks, and rising geopolitical risk could signal a correction, and how investors... Computer screen shows plunging stock market chart beside ballot box and U.S. flag, highlighting election-driven market volatility risk. <ul><li>Marc Chaikin, founder and CEO of Chaikin Analytics, sa…",https://www.marketbeat.com/stock-ideas/market-crash-warning-wall-street-veteran-says-mid-march-could-mark-a-turning-point/?utm_source=yahoofinance&amp;utm_medium=yahoofinance,2026-03-11 21:11:00+00:00
Activistpost.com,U.S. banking agencies say capital should be same for standard or tokenized securities,U.S. banking agencies say capital should be same for standard or tokenized securities The Federal Reserve and other banking regulators clarified that the capital tally in banks needs identical treatment whether securities are tokenized or not. What to know: The U.S. Federal Reserve and other regulators told bankers that they need to maintain t… The Federal Reserve and other banking regulators clarified that the capital tally in banks needs identical treatment whether securities are tokenized or not. <ul><li>The trio of primary U.S. banking…,https://www.activistpost.com/u-s-banking-agencies-say-capital-should-be-same-for-standard-or-tokenized-securities/,2026-03-12 00:00:00+00:00
CNA,"Shares skid, oil surges again as Iran attacks Gulf shipping","Shares skid, oil surges again as Iran attacks Gulf shipping (Corrects U.S. crude's move overnight in paragraph 2)By Stella QiuSYDNEY, March 12 : Shares fell in Asia on Thursday as oil prices jumped on reports that more ships had been struck in the Strait of Hormuz and in Iraqi waters, fuelling inflation and pushing bo… (Corrects U.S. crude's move overnight in paragraph 2) By Stella Qiu SYDNEY, March 12 : Shares fell in Asia on Thursday as oil prices jumped on reports that more ships had been struck in the Strait …",https://www.channelnewsasia.com/business/shares-skid-oil-surges-again-iran-attacks-gulf-shipping-5988031,2026-03-12 00:53:45+00:00
ABC News (AU),Atlassian cuts hundreds of Australian jobs as AI slashes labour needs,"Atlassian cuts hundreds of Australian jobs as AI slashes labour needs Atlassian's Australian workforce will account for 30 per cent of the tech giant's global job cuts, with the freed-up funds to be invested in AI and enterprise sales. Homegrown software giant Atlassian is cutting nearly 500 jobs from its Australian workforce as artificial intelligence slashes its labour needs and funds are sought to invest in the nascent technolog…",https://www.abc.net.au/news/2026-03-12/australian-tech-atlassian-cuts-1600-jobs-from-global-workforce/106445334,2026-03-12 01:50:49+00:00
The Times of India,"US Stock Market | S&P 500, Dow end lower as escalating Iran war sours risk appetite","US Stock Market | S&P 500, Dow end lower as escalating Iran war sours risk appetite Indian markets reacted to a global downturn. US stocks fell as escalating tensions between the US and Iran overshadowed a calm inflation report. Investors worried about rising oil prices impacting consumer spending. Saudi Arabia increased oil production and t… U.S. stocks closed lower on Wednesday as markets largely looked past a tame inflation report, focusing instead on intensifying hostilities and mounting repercussions related to the U.S.-Israeli war o…",https://economictimes.indiatimes.com/markets/us-stocks/news/us-stock-market-sp-500-dow-end-lower-as-escalating-iran-war-sours-risk-appetite/articleshow/129487714.cms,2026-03-12 01:54:44+00:00
The Times of India,"US Stock Market | Inflation stays cool, oil heats up: US markets brace for fallout from Iran tensions","US Stock Market | Inflation stays cool, oil heats up: US markets brace for fallout from Iran tensions America's inflation stayed steady in February. This was before conflicts involving Iran began. Now, oil prices are surging. This has revived worries about inflation increasing in the coming months. Food prices contributed significantly to the rise. Energy pri… Inflation in the United States remained relatively stable in February, just before geopolitical tensions escalated into open conflict involving Iran. However, the surge in oil prices following the ou…",https://economictimes.indiatimes.com/markets/us-stocks/news/us-stock-market-inflation-stays-cool-oil-heats-up-us-markets-brace-for-fallout-from-iran-tensions/articleshow/129491091.cms,2026-03-12 04:21:51+00:00
The Times of India,Goldman Sachs pushes back Fed rate cut forecast amid Mideast conflict,"Goldman Sachs pushes back Fed rate cut forecast amid Mideast conflict Goldman Sachs has pushed back its forecast for U.S. Federal Reserve rate cuts, now anticipating quarter-point reductions in September and December. This shift is attributed to rising inflation risks stemming from the Middle East conflict, making a June start … (What's moving Sensex and Nifty Track latest market news, stock tips, Budget 2025, Share Market on Budget 2025 and expert advice, on ETMarkets. Also, ETMarkets.com is now on Telegram. For fastest new…",https://economictimes.indiatimes.com/markets/us-stocks/news/goldman-sachs-pushes-back-fed-rate-cut-forecast-amid-mideast-conflict/articleshow/129492392.cms,2026-03-12 04:56:29+00:00
Livemint,Nouriel Roubini: Kevin Warsh’s ideas may not survive contact with reality once he takes charge of the Fed,"Nouriel Roubini: Kevin Warsh’s ideas may not survive contact with reality once he takes charge of the Fed US President Donald Trump may have nominated Kevin Warsh to head the US Federal Reserve for his views on easing credit, but his assumptions could be flawed. AI may not reduce inflation, America’s neutral rate could rise and a smaller balance sheet may not hel… But Warsh has a history of monetary hawkishness, voicing concerns about the risk of excessive inflation even during the depths of the post-2008 deflationary cycle. Moreover, he is a mainstream global…",https://www.livemint.com/opinion/online-views/nouriel-roubini-kevin-warsh-federal-reserve-inflation-monetary-policy-neutral-rate-economy-11773230337162.html,2026-03-12 07:00:37+00:00
Japan Today,Tokyo stocks drop on lingering oil supply concerns amid Middle East war,"Tokyo stocks drop on lingering oil supply concerns amid Middle East war Tokyo stocks fell Thursday, hurt by surging oil futures as the International Energy Agency's decision to conduct its largest stockpile release failed to ease market jitters over supply disruptions caused by the war in the Middle East. The 225-issue Nikkei Sto… Tokyo stocks fell Thursday, hurt by surging oil futures as the International Energy Agency's decision to conduct its largest stockpile release failed to ease market jitters over supply disruptions ca…",https://japantoday.com/category/business/tokyo-stocks-drop-on-lingering-oil-supply-concerns-amid-middle-east-war,2026-03-12 07:34:19+00:00
The Times of India,US Stock Market | Tech Turnaround: Software shares recover after deep selloff,"US Stock Market | Tech Turnaround: Software shares recover after deep selloff After a deep AI-driven selloff, US software stocks are showing signs of recovery. The S&P 500 Software Index posted its strongest weekly gain since May, supported by strong earnings growth, undervalued multiples, and large share buybacks. Investor sentiment i… After months of intense selling driven by fears that artificial intelligence could disrupt the traditional software business model, software stocks are beginning to show signs of stabilisation. A rec…",https://economictimes.indiatimes.com/markets/us-stocks/news/us-stock-market-tech-turnaround-software-shares-recover-after-deep-selloff/articleshow/129497456.cms,2026-03-12 07:36:47+00:00
The Times of India,"Why US stock market Dow Jones futures crash today: Dow, S&P 500 and Nasdaq futures turn deep red - Oil surge hits airlines, travel stocks and tech shares","Why US stock market Dow Jones futures crash today: Dow, S&P 500 and Nasdaq futures turn deep red - Oil surge hits airlines, travel stocks and tech shares Why US stock market Dow Jones futures crash today: Dow Jones futures plunged more than 300 points to 47,144 today. The US stock market futures turned sharply red as S&P 500 futures fell to 6,744 and Nasdaq futures dropped to 24,870. The selloff followed a sud… Why US stock market Dow Jones futures crash today: US stock market Dow Jones futures crashed more than 300 points to 47,144, signaling a weak start for Wall Street today. S&amp;P 500 futures dropped …",https://economictimes.indiatimes.com/news/international/us/why-us-stock-market-dow-jones-futures-crash-today-dow-sp-500-and-nasdaq-futures-turn-deep-red-oil-surge-hits-airlines-travel-stocks-and-tech-shares/articleshow/129505181.cms,2026-03-12 11:27:55+00:00
Ritholtz.com,At The Money: Pursuing Alpha through Exchange-Traded Funds,"At The Money: Pursuing Alpha through Exchange-Traded Funds ﻿ At The Money: Finding Alpha via Unique ETF Strategies (March 12, 2026) If you want market performance (beta), you buy broad index funds. But what if you want to use a portion of your portfolio to try to beat the market (alpha)? One option is to pursue … At The Money: Finding Alpha via Unique ETF Strategies (March 12, 2026) If you want market performance (beta), you buy broad index funds. But what if you want to use a portion of your portfolio to t…",https://ritholtz.com/2026/03/atm-pursuing-alpha-etf/,2026-03-12 14:00:11+00:00
The Times of India,"US Stocks: US Fed to cut rates in June, economists say, despite war inflation risks","US Stocks: US Fed to cut rates in June, economists say, despite war inflation risks The U.S. Federal Reserve will cut interest rates for the first time this year ​in June, according to economists polled by Reuters who ​are clinging to their views despite the risk that disruption of energy markets resulting from the U.S.-Israeli war ​on Iran … The U.S. Federal Reserve will cut interest rates for the first time this year in June, according to economists polled by Reuters who are clinging to their views despite the risk that disruption of en…",https://economictimes.indiatimes.com/markets/us-stocks/news/us-stocks-us-fed-to-cut-rates-in-june-economists-say-despite-war-inflation-risks/articleshow/129512949.cms,2026-03-12 14:50:13+00:00
CoinDesk,"Circle’s outperformance highlights USDC’s staying power, says bullish Wall Street analyst","Circle’s outperformance highlights USDC’s staying power, says bullish Wall Street analyst William Blair said Circle’s recent rally reflects more than macro factors, pointing to USDC resilience and growing recognition of the firm’s stablecoin infrastructure advantage. Circle (CRCL) has recently outperformed other crypto-linked equities, a move investment bank William Blair said reflects more than shifting macro conditions. It is tempting to ascribe recent strengt…",https://www.coindesk.com/markets/2026/03/12/circle-s-outperformance-highlights-usdc-s-staying-power-says-bullish-wall-street-analyst,2026-03-12 15:00:52+00:00
The Times of India,"US stock market deep in red today: Why Dow Jones, S&P 500 and Nasdaq crash again - Dow drops 600 points and Nasdaq sinks over 350","US stock market deep in red today: Why Dow Jones, S&P 500 and Nasdaq crash again - Dow drops 600 points and Nasdaq sinks over 350 US stock market deep in red today: Dow Jones, S&P 500 and Nasdaq crash again - The Dow Jones Industrial Average fell 600 points, while the Nasdaq dropped more than 350 points and the S&P 500 slid over 1.2%. Rising oil prices near $100, escalating Middle East … US stock market deep in red today: Dow Jones, S&amp;P 500 and Nasdaq crash again - The US stock market crashed sharply today, with the Dow Jones Industrial Average falling more than 600 points, while…",https://economictimes.indiatimes.com/news/international/us/us-stock-market-deep-in-red-today-why-dow-jones-sp-500-and-nasdaq-crash-again-dow-drops-600-points-and-nasdaq-sinks-over-350/articleshow/129513344.cms,2026-03-12 15:02:00+00:00
Yahoo Entertainment,"When stock markets get shaken, it can pay for investors to be patient","When stock markets get shaken, it can pay for investors to be patient When stock markets are as manic as they've been recently, it’s natural to want to do something to protect your retirement savings. The U.S. stock market has... NEW YORK (AP) When stock markets are as manic as they've been recently, its natural to want to do something to protect your retirement savings. Historically, though, staying calm has usually been bes…",https://finance.yahoo.com/news/stock-markets-shaken-pay-investors-151039603.html,2026-03-12 15:10:39+00:00
Mediaite,"Trump Brags About ‘Roaring,’ ‘Phenomenal’ Economy as Jobs and Stocks Crater — Gas Prices Skyrocket","Trump Brags About ‘Roaring,’ ‘Phenomenal’ Economy as Jobs and Stocks Crater — Gas Prices Skyrocket Trump bragged that ""the economy is roaring, it's phenomenal"" just days after a dismal jobs report and amid skyrocketing gas prices and a tumbling stock market' The post Trump Brags About ‘Roaring,’ ‘Phenomenal’ Economy as Jobs and Stocks Crater — Gas Prices S… President Donald Trump bragged that “the economy is roaring, it’s phenomenal” just days after a dismal jobs report and amid skyrocketing gas prices and a stock market that has tumbled 2,000 points si…",https://www.mediaite.com/media/news/trump-brags-about-roaring-phenomenal-economy-as-jobs-and-stocks-crater-gas-prices-skyrocket/,2026-03-12 15:11:34+00:00
CoinDesk,"Bitcoin holds $70,000 level as surging oil prices and credit issues have stocks tumbling","Bitcoin holds $70,000 level as surging oil prices and credit issues have stocks tumbling U.S. President Trump said stopping Iran is more of a concern than oil prices, as crude climbed 10% on Thursday. Safe-haven asset? The action is volatile, but bitcoin BTC $70,500.04 for the moment is continuing to hold just above the $70,000 even as other risk assets sell off across the board. Helping to se…",https://www.coindesk.com/markets/2026/03/12/bitcoin-holds-usd70-000-level-as-surging-oil-prices-and-credit-issues-have-stocks-tumbling,2026-03-12 15:41:33+00:00
Yahoo Entertainment,Southwest Airlines Co. (LUV) Target Increased to $35 at Redburn Despite Sell Rating,"Southwest Airlines Co. (LUV) Target Increased to $35 at Redburn Despite Sell Rating Southwest Airlines Co. (NYSE:LUV) is among the 12 Best Very Cheap Stocks to Buy in 2026. On March 5, Rothschild & Co Redburn raised its price target on... Southwest Airlines Co. (NYSE:LUV) is among the 12 Best Very Cheap Stocks to Buy in 2026. Southwest Airlines Co. (LUV) Target Increased to $35 at Redburn Despite Sell Rating On March 5, Rothschild &…",https://finance.yahoo.com/news/southwest-airlines-co-luv-target-154147124.html,2026-03-12 15:41:47+00:00
Jezebel,"If the House and Senate Quit Squabbling, We Could Actually Make Housing More Available","If the House and Senate Quit Squabbling, We Could Actually Make Housing More Available We can finally make housing cheaper and more affordable, if Congress can work together for two minutes and ignore Donald Trump. On Thursday afternoon, the United States Senate passed the single largest piece of housing legislation we’ve seen in 36 years via an overwhelmingly supported, bipartisan effort. The bill, known as th…",https://www.jezebel.com/housing-bill-passes-senate-will-pass-house-trump-save-act-changes-conference-regulation-institutional-investors,2026-03-12 16:41:13+00:00
Fortune,Oil hits $100 a barrel and stocks sink as Iran War drags on with no end in sight,"Oil hits $100 a barrel and stocks sink as Iran War drags on with no end in sight With no clear end in sight, the war with Iran is sending oil prices back to $100 per barrel, and stocks are sinking worldwide on Thursday. The S&P 500 fell 1.1% and is returning to sharp swings following a couple days of relative calm. The Dow Jones Industria… With no clear end in sight, the war with Iran is sending oil prices back to $100 per barrel, and stocks are sinking worldwide on Thursday.The S&amp;P 500 fell 1.1% and is returning to sharp swings fo…",https://fortune.com/2026/03/12/oil-100-barrel-iran-war-stocks-sink/,2026-03-12 17:06:32+00:00
CBS News,3 traditional gold investing benefits that are especially timely this March,"3 traditional gold investing benefits that are especially timely this March Considering a gold investment? These three traditional gold investing benefits are particularly pronounced now. Gold investing has multiple timely benefits for investors to explore this March. Bjoern Wylezich/Getty Images Chances are good that if you haven't technically invested in gold, you at least have a …",https://www.cbsnews.com/news/traditional-gold-investing-benefits-especially-timely-march-2026/,2026-03-12 17:26:04+00:00
Cointelegraph,US Senate leader doesn‘t expect market structure to pass before April: Report,US Senate leader doesn‘t expect market structure to pass before April: Report Senator John Thune reportedly said that the chamber would prioritize the SAVE America Act before addressing a vote on bipartisan bills like crypto market structure. US Senator Majority Leader John Thune reportedly said he doesnt expect the chamber to move forward with legislation to establish digital asset market structure before April. According to a Thursday …,https://cointelegraph.com/news/us-senate-thune-crypto-market-structure-april,2026-03-12 22:06:18+00:00
The Times of India,Global Market Today | Asian stocks track US declines as oil remains in focus,"Global Market Today | Asian stocks track US declines as oil remains in focus Asian stocks mirrored US declines as fears of the Iran war impacting energy supplies and boosting inflation intensified. Oil prices, though slightly lower Friday, remained elevated due to defiant rhetoric regarding the Strait of Hormuz. Investors are now pric… Asian stocks followed US peers lower in early trading Friday, with oil prices in focus on growing fears that the war in Iran will further crimp energy supplies and boost inflation.A gauge of Asian sh…",https://economictimes.indiatimes.com/markets/us-stocks/news/global-market-today-asian-stocks-track-us-declines-as-oil-remains-in-focus/articleshow/129531527.cms,2026-03-13 00:58:34+00:00
CNA,"Oil price stays above US$100, Asia stocks fall","Oil price stays above US$100, Asia stocks fall Brent crude inched further above US$100 a barrel after Iran vowed to attack oil resources in the Middle East and keep choking the Strait of Hormuz. TOKYO: Brent crude inched further above US$100 a barrel and stocks fell in early Asian trade on Friday, after Iran vowed to attack oil resources in the Middle East and keep choking the Strait of Horm…",https://www.channelnewsasia.com/world/iran-war-oil-prices-above-100-asian-markets-5990576,2026-03-13 01:00:48+00:00
The Times of India,"Brent stays above $100, Asian stocks fall","Brent stays above $100, Asian stocks fall Brent crude inched further above $100 a barrel and stocks fell in early Asian trade on Friday, after Iran vowed to attack oil resources in the Middle East and keep choking the Strait of Hormuz. The Strait of Hormuz, a crucial waterway for crude, remains effec… Tokyo, Mar 13, 2026 -Brent crude inched further above $100 a barrel and stocks fell in early Asian trade on Friday, after Iran vowed to attack oil resources in the Middle East and keep choking the St…",https://economictimes.indiatimes.com/markets/commodities/news/brent-stays-above-100-asia-stocks-fall/articleshow/129531677.cms,2026-03-13 01:05:10+00:00
The Times of India,"US Stock Market | Wall Street ends sharply lower as Iran war intensifies, crude price soars","US Stock Market | Wall Street ends sharply lower as Iran war intensifies, crude price soars U.S. stocks plunged as Iranian strikes on oil tankers sent crude prices soaring, fueling inflation fears. Major indexes saw significant drops, with only energy and some defensive sectors performing well. The conflict's escalation dimmed hopes for Fed rate cut… U.S. stocks fell on Thursday, as Iranian strikes on two oil tankers sent crude prices surging toward $100 per barrel, further exacerbating inflation fears and sending investors fleeing equity markets…",https://economictimes.indiatimes.com/markets/us-stocks/news/us-stock-market-wall-street-ends-sharply-lower-as-iran-war-intensifies-crude-price-soars/articleshow/129532591.cms,2026-03-13 01:47:11+00:00
The Times of India,"Why are US stock market indexes down today and Dow Jones, S&P 500 and Nasdaq in red now? Wall Street fall, analysts insights and market outlook explained. Here's what should investors do now","Why are US stock market indexes down today and Dow Jones, S&P 500 and Nasdaq in red now? Wall Street fall, analysts insights and market outlook explained. Here's what should investors do now Why are US stock market indexes down today and Dow Jones, S&P 500 and Nasdaq in red now became a key question for investors after Wall Street closed lower. Iran strikes on oil tankers pushed crude prices toward $100. Inflation concerns and banking worries tri… Why are US stock market indexes down today and Dow Jones, S&amp;P 500 and Nasdaq in red now has become a major question among investors after Wall Street closed lower. U.S. stocks declined sharply as…",https://economictimes.indiatimes.com/news/international/us/why-are-us-stock-market-indexes-down-today-and-dow-jones-sp-500-and-nasdaq-in-red-now-wall-street-fall-analysts-insights-and-market-outlook-explained-heres-what-should-investors-do-now/articleshow/129532290.cms,2026-03-13 02:09:23+00:00
Decrypt,Why Bitcoin's Price Is at a Weekly High Despite Middle East Tensions,"Why Bitcoin's Price Is at a Weekly High Despite Middle East Tensions Bitcoin rose even as equities dropped, with analysts pointing to crypto-specific demand alongside geopolitical tensions driving energy markets higher. In brief <ul><li>Bitcoin is up 2.6% to around $71,500, its highest level in a week.</li><li>On Thursday, Brent crude jumped 9.2% to above $100 a barrel, its largest one-day gain since 2020.</li><li>…",https://decrypt.co/360969/bitcoin-weekly-hig-middle-east-tensions-lift-oil-pressure-equities,2026-03-13 03:43:48+00:00
The Times of India,Asian Market | Morgan Stanley flags risks for Asian equities as oil uncertainty looms,"Asian Market | Morgan Stanley flags risks for Asian equities as oil uncertainty looms Morgan Stanley warns investors about Asian stocks. Rising geopolitical risks and potential oil price shocks are key concerns. The firm suggests selling during market rallies. Asian economies are seen as more vulnerable to elevated oil prices. A bearish sc… Global brokerage firm Morgan Stanley has struck a cautious tone on Asian equities, advising investors to use market rallies as opportunities to sell amid rising geopolitical risks and potential energ…",https://economictimes.indiatimes.com/markets/us-stocks/news/asian-market-morgan-stanley-flags-risks-for-asian-equities-as-oil-uncertainty-looms/articleshow/129535971.cms,2026-03-13 03:54:50+00:00
BusinessLine,"RBI likely selling dollars to cushion rupee as oil worries linger, traders say","RBI likely selling dollars to cushion rupee as oil worries linger, traders say The ‌rupee was at 92.32 per dollar, down 0.1% ‌on the day ​and within touching distance of ⁠its all-time low of 92.3575 hit ‌in the previous session RBI was likely selling dollars on Friday, three traders told Reuters, as the rupee remains under strain due to worries over how elevated oil prices may impact the growth-inflation dynamics for the …",https://www.thehindubusinessline.com/money-and-banking/rbi-likely-selling-dollars-to-cushion-rupee-as-oil-worries-linger-traders-say/article70737959.ece,2026-03-13 04:02:41+00:00
Financial Post,"Asian Stocks Trim Early Losses, Oil Rally Cools: Markets Wrap","Asian Stocks Trim Early Losses, Oil Rally Cools: Markets Wrap Asian stocks pared early declines while S&P 500 futures rose as the US issued a second temporary waiver allowing purchases of Russian oil to help curb surging energy prices. (Bloomberg) Asian stocks pared early declines while S&amp;P 500 futures rose as the US issued a second temporary waiver allowing purchases of Russian oil to help curb surging energy prices. THIS CON…",https://financialpost.com/pmn/business-pmn/asian-stocks-trim-early-losses-oil-rally-cools-markets-wrap,2026-03-13 04:20:42+00:00
The Times of India,Middle East conflict may accelerate BOJ’s rate-hike timeline as inflation risks rise,"Middle East conflict may accelerate BOJ’s rate-hike timeline as inflation risks rise The escalating Middle East conflict is heightening Japan’s inflation risks, potentially accelerating the Bank of Japan’s rate-hike timeline. Rising fuel prices, supply disruptions, and a tightening labor market are pushing inflation above the BOJ’s 2% target,… Fresh supply shocks triggered by the escalating Middle East conflict could accelerate the Bank of Japans (BOJ) shift towards tighter monetary policy, with policymakers increasingly alert to the risk …",https://economictimes.indiatimes.com/markets/us-stocks/news/middle-east-conflict-may-accelerate-bojs-rate-hike-timeline-as-inflation-risks-rise/articleshow/129536988.cms,2026-03-13 04:26:04+00:00
The Times of India,"Why are US stock market futures rising now, and S&P 500 and Dow Jones in green while Nasdaq in red? Wall street futures move, analysts insights and market outlook explained","Why are US stock market futures rising now, and S&P 500 and Dow Jones in green while Nasdaq in red? Wall street futures move, analysts insights and market outlook explained Why are US stock market futures rising now, and S&P 500 and Dow Jones in green while Nasdaq in red is a question investors are asking after futures moved mixed Thursday night. Markets react to oil price surge, Iran tension, inflation concerns, and upcoming PC… Why are US stock market futures rising now, and S&amp;P 500 and Dow Jones in green while Nasdaq in red has become a key topic for investors as markets react to several economic and geopolitical devel…",https://economictimes.indiatimes.com/news/international/us/why-are-us-stock-market-futures-rising-now-and-sp-500-and-dow-jones-in-green-while-nasdaq-in-red-wall-street-futures-move-analysts-insights-and-market-outlook-explained-what-should-investors-do-now/articleshow/129537095.cms,2026-03-13 04:47:31+00:00
Motley Fool Australia,These 3 ASX ETFs can protect your portfolio against inflation,"These 3 ASX ETFs can protect your portfolio against inflation With inflation on the rise, investors should think about protecting their assets. The post These 3 ASX ETFs can protect your portfolio against inflation appeared first on The Motley Fool Australia. Inflation was already rearing its ugly head as an economic issue in 2026, evidenced by the Reserve Bank of Australia (RBA)'s interest rate hike last month. However, things have the potential to get a…",https://www.fool.com.au/2026/03/13/these-3-asx-etfs-can-protect-your-portfolio-against-inflation/,2026-03-13 05:26:57+00:00
The Times of India,Bitcoin rebounds toward $72K as US Treasury comments ease oil inflation concerns,"Bitcoin rebounds toward $72K as US Treasury comments ease oil inflation concerns Bitcoin surged towards $72,000 after U.S. Treasury Secretary Scott Bessent addressed market concerns. Cryptocurrencies like Bitcoin and Ethereum saw significant gains. Major altcoins also experienced strong upward movement. This rally added billions to the… (What's moving Sensex and Nifty Track latest market news, stock tips, Budget 2025, Share Market on Budget 2025 and expert advice, on ETMarkets. Also, ETMarkets.com is now on Telegram. For fastest new…",https://economictimes.indiatimes.com/markets/cryptocurrency/bitcoin-rebounds-toward-72k-as-us-treasury-comments-ease-oil-inflation-concerns/articleshow/129540037.cms,2026-03-13 06:00:29+00:00
Al Jazeera English,How Israel-US war on Iran puts $50bn in Indian remittances at risk,"How Israel-US war on Iran puts $50bn in Indian remittances at risk The US-Israel war on Iran has caused gas shortages, while nine million Indian expats in the Gulf face uncertainty. As the United States-Israeli war on Iran completes two weeks, it has triggered a global energy crisis, even as Irans retaliation threatens to pull the rest of the Middle East into the conflict. The …",https://www.aljazeera.com/news/2026/3/13/how-israel-us-war-on-iran-puts-50bn-in-indian-remittances-at-risk,2026-03-13 06:06:24+00:00
Hurriyet Daily News,Oil holds above $100 and stocks fall as Khamenei targets Hormuz,"Oil holds above $100 and stocks fall as Khamenei targets Hormuz Oil prices held around $100 Friday and most equity markets dropped after Iran's leader called for the blocking of the crucial Strait of Hormuz and opening up of new fronts in the war against the United States and Israel. TEHRAN A man walks along the shore as oil tankers and cargo ships line up in the Strait of Hormuz, seen from Khor Fakkan, United Arab Emirates, Wednesday, March 11, 2026. (AP Photo/Altaf Qadri) Oil…",https://www.hurriyetdailynews.com/oil-holds-above-100-and-stocks-fall-as-khamenei-targets-hormuz-219916,2026-03-13 06:15:12+00:00
The Times of India,Rupee hits all-time low; analysts expect fall to 95 if Iran war drags on,"Rupee hits all-time low; analysts expect fall to 95 if Iran war drags on The Indian rupee has reached a historic low. Worries about rising oil prices due to the Iran conflict are impacting the economy. Analysts predict further weakening if oil prices remain high. Foreign investors are selling Indian stocks. The central bank is int… The Indian rupee fell to a lifetime low on Friday, strained by worries over how the Iran war-spurred surge in oil prices will impact the growth-inflation dynamics and capital flows for the South Asia…",https://economictimes.indiatimes.com/markets/forex/forex-news/rupee-hits-all-time-low-analysts-expect-fall-to-95-if-iran-war-drags-on/articleshow/129540862.cms,2026-03-13 06:23:50+00:00
The Times of India,"India bonds dip, facing sustained oil rise, macro risks","India bonds dip, facing sustained oil rise, macro risks Indian government bonds are falling. Oil prices remain high, fueling inflation worries. This impacts India's economic growth and interest rate expectations. The rupee has hit a new low against the dollar. The Reserve Bank of India is intervening to support bo… (What's moving Sensex and Nifty Track latest market news, stock tips, Budget 2025, Share Market on Budget 2025 and expert advice, on ETMarkets. Also, ETMarkets.com is now on Telegram. For fastest new…",https://economictimes.indiatimes.com/markets/bonds/india-bonds-dip-facing-sustained-oil-rise-macro-risks/articleshow/129540960.cms,2026-03-13 06:26:29+00:00
Japan Today,Asia shares are mostly lower and oil hovers near $100 a barrel over Iran war worries,"Asia shares are mostly lower and oil hovers near $100 a barrel over Iran war worries Asia shares were mostly lower Friday, tracking Wall Street losses, while oil prices hovered near $100 per barrel as anxiety remained over the Iran war and its impact on supplies of crude oil and gas. Tokyo’s Nikkei 225 index slipped 1.3% to 53,746.50. Technol… Asia shares were mostly lower Friday, tracking Wall Street losses, while oil prices hovered near $100 per barrel as anxiety remained over the Iran war and its impact on supplies of crude oil and gas.…",https://japantoday.com/category/business/asia-shares-mostly-lower-and-oil-hovers-around-100-a-barrel-over-iran-war-worries,2026-03-13 06:58:40+00:00
The Times of India,Japan bond yields rise as Middle East war fans inflation woes,"Japan bond yields rise as Middle East war fans inflation woes Japanese government bond yields are rising across the board. Higher crude oil prices and a weaker yen are fueling inflation worries. The benchmark 10-year JGB yield has increased. The Bank of Japan is expected to keep interest rates unchanged at its upcoming … (What's moving Sensex and Nifty Track latest market news, stock tips, Budget 2025, Share Market on Budget 2025 and expert advice, on ETMarkets. Also, ETMarkets.com is now on Telegram. For fastest new…",https://economictimes.indiatimes.com/markets/bonds/japan-bond-yields-rise-as-middle-east-war-fans-inflation-woes/articleshow/129542555.cms,2026-03-13 07:11:03+00:00
CoinDesk,"Bitcoin's early crash to $60,000 now looks like a warning for stocks","Bitcoin's early crash to $60,000 now looks like a warning for stocks Bitcoin has once again acted as a leading indicator for risk assets, plunging sharply before the ongoing global stock market swoon. Many see bitcoin BTC $71,329.00 as a safe-haven and store-of-value asset, like gold. But some currency traders treat it as a lead indicator for broader market mood, and they've been proven right aga…",https://www.coindesk.com/markets/2026/03/13/bitcoin-crashed-first-now-stocks-follow-cementing-btc-s-lead-indicator-cred,2026-03-13 07:24:03+00:00
The Times of India,"Global Markets | Australian shares edge lower as miners fall, RBA hike looms","Global Markets | Australian shares edge lower as miners fall, RBA hike looms Australian shares ended slightly lower on Friday as ​losses in miners outweighed gains in financials, while the Middle East conflict stoked inflation concerns and lifted expectations of a central bank rate hike next week. Australian shares ended slightly lower on Friday as losses in miners outweighed gains in financials, while the Middle East conflict stoked inflation concerns and lifted expectations of a central bank…",https://economictimes.indiatimes.com/markets/us-stocks/news/global-markets-australian-shares-edge-lower-as-miners-fall-rba-hike-looms/articleshow/129544001.cms,2026-03-13 07:58:46+00:00
The Punch,Oil price hits $100 as Iran threatens to block Strait of Hormuz,"Oil price hits $100 as Iran threatens to block Strait of Hormuz Oil prices have surged past $100 after Iran threatened to block the crucial Strait of Hormuz, fueling fears of a global supply disruption and inflation. Read More: https://punchng.com/oil-price-hits-100-as-iran-threatens-to-block-strait-of-hormuz/ Oil prices held gains above $100 Friday and most equity markets dropped after Iran’s leader called for the blocking of the crucial Strait of Hormuz and the opening up of new fronts in the war against…",https://punchng.com/oil-price-hits-100-as-iran-threatens-to-block-strait-of-hormuz/,2026-03-13 08:22:50+00:00
The Times of India,Fearing Rs 22 lakh loss on Rs 2 crore retirement corpus amid market fall? Here are best strategies to fight back,"Fearing Rs 22 lakh loss on Rs 2 crore retirement corpus amid market fall? Here are best strategies to fight back Sharp market fluctuations can significantly deplete retirement savings, especially for those heavily invested in equities. Experts advise a 'protect and grow' approach for retirement-bound investors, balancing growth assets like equities with safer options li… Sharp market fluctuations can deplete your retirement corpus faster than you may imagine, specially if it is invested largely in equities. For example, if you had a Rs 2 crore retirement corpus on Ja…",https://economictimes.indiatimes.com/wealth/invest/fearing-rs-22-lakh-loss-on-rs-2-crore-retirement-corpus-amid-market-fall-here-are-best-strategies-to-fight-back/articleshow/129545067.cms,2026-03-13 08:31:26+00:00
CoinDesk,"Bitcoin holds above $71,000, defying rising dollar, oil and U.S. bond yields","Bitcoin holds above $71,000, defying rising dollar, oil and U.S. bond yields Stronger dollar, rising Treasury yields, and tech equities treading water contrast with bitcoin’s resilience amid geopolitical tensions. Bitcoin BTC $72,301.23 rose above $71,500 on Friday, outperforming U.S. equities even as the dollar strengthened and oil prices remained elevated as the war with Iran was set to enter its third week…",https://www.coindesk.com/markets/2026/03/13/bitcoin-holds-above-usd71-000-defying-rising-dollar-oil-and-u-s-bond-yields,2026-03-13 09:32:45+00:00
The Times of India,Global Markets | European shares set for weekly loss as Mideast war fuels inflation fears,"Global Markets | European shares set for weekly loss as Mideast war fuels inflation fears European shares fell on Friday and were headed for a second weekly loss, as ‌escalating conflict ⁠in the ⁠Middle East and inflation worries dented risk appetite. (What's moving Sensex and Nifty Track latest market news, stock tips, Budget 2025, Share Market on Budget 2025 and expert advice, on ETMarkets. Also, ETMarkets.com is now on Telegram. For fastest new…",https://economictimes.indiatimes.com/markets/us-stocks/news/global-markets-european-shares-set-for-weekly-loss-as-mideast-war-fuels-inflation-fears/articleshow/129547089.cms,2026-03-13 09:37:00+00:00
Cointelegraph,Bitcoin 'passing geopolitical stress test' as BTC price spikes above $72K,"Bitcoin 'passing geopolitical stress test' as BTC price spikes above $72K Bitcoin price analysis saw conditions slowly ""building"" to support a breakout as BTC emerged as the strongest macro performer since the Iran conflict began. Bitcoin (BTC) hit eight-day highs into Fridays Wall Street open as markets awaited key US inflation cues. Key points: <ul><li>Bitcoin shows resilience despite macro market uncertainty with another …",https://cointelegraph.com/markets/bitcoin-passing-geopolitical-stress-test-btc-price-spikes-above-72k,2026-03-13 09:58:54+00:00
The Times of India,Fear levels of March 2020? Iran war gives Nifty its worst month since the dreaded Covid crash,"Fear levels of March 2020? Iran war gives Nifty its worst month since the dreaded Covid crash Indian equities are suffering their worst month since the Covid crash as the Iran war, $100 crude and heavy FII selling hammer sentiment. Despite the slide, fund houses like Bajaj Finserv AMC and Axis Mutual Fund say strong earnings and resilient fundamentals… Indian equities recorded their worst monthly performance since the Covid pandemic, with the benchmark Nifty recording its second sharpest decline in a decade as geopolitical tensions and sustained fo…",https://economictimes.indiatimes.com/markets/stocks/news/fear-levels-of-march-2020-iran-war-gives-nifty-its-worst-month-since-the-dreaded-covid-crash/articleshow/129548263.cms,2026-03-13 10:02:23+00:00
The Times of India,"Rupee hits record low as oil risks, offshore dollar bids mount","Rupee hits record low as oil risks, offshore dollar bids mount The Indian rupee ​fell to a record low on ​Friday on concerns that the Iran war-induced surge in ​oil prices could disrupt the South Asian nation's growth-inflation dynamics and dent capital flows, with traders also pointing to elevated offshore dollar bids. The Indian rupee fell to a record low on Friday on concerns that the Iran war-induced surge in oil prices could disrupt the South Asian nation's growth-inflation dynamics and dent capital flows, with…",https://economictimes.indiatimes.com/markets/forex/forex-news/rupee-hits-record-low-as-oil-risks-offshore-dollar-bids-mount/articleshow/129549623.cms,2026-03-13 10:38:51+00:00
Financial Post,European Stocks Set for Second Weekly Drop as Iran War Weighs,"European Stocks Set for Second Weekly Drop as Iran War Weighs European stocks were headed for a second week of losses as the war in Iran stoked fears about higher inflation and slower growth, while concerns over private credit bubbled beneath the surface. (Bloomberg) European stocks were headed for a second week of losses as the war in Iran stoked fears about higher inflation and slower growth, while concerns over private credit bubbled beneath the su…",https://financialpost.com/pmn/business-pmn/european-stocks-set-for-second-weekly-drop-as-iran-war-weighs,2026-03-13 10:56:07+00:00
HuffPost,"Stocks Fall As Iran War Keeps Oil Just Above $100, Upends Rate Outlook","Stocks Fall As Iran War Keeps Oil Just Above $100, Upends Rate Outlook Oil prices moderated somewhat after the U.S. issued a 30-day license for countries to buy sanctioned Russian oil and petroleum products that were stranded at sea. SINGAPORE/LONDON, March 13 (Reuters) - European stocks fell on Friday as investors grappled with uncertainty over the duration of war inIran, which has disrupted global energy supplies and spurred in…",https://www.huffpost.com/entry/iran-war-financial-markets_n_69b3f0e4e4b0a41ddfc567b8,2026-03-13 11:18:42+00:00
CryptoSlate,"With Bitcoin’s surge over $72k it now outperforms gold and stocks since Iran strikes, but one brutal sell wall is looming","With Bitcoin’s surge over $72k it now outperforms gold and stocks since Iran strikes, but one brutal sell wall is looming Bitcoin has outperformed gold, silver, and major US equity indexes since the US-Israeli attack on Iran began, recovering to over $72,000 even as oil surged above $100 a barrel and traders cut expectations for near-term Federal Reserve easing. According to Cry… Bitcoin has outperformed gold, silver, and major US equity indexes since the US-Israeli attack on Iran began, recovering to over $72,000 even as oil surged above $100 a barrel and traders cut expecta…",https://cryptoslate.com/bitcoin-outperforms-gold-and-stocks-since-iran-strikes-with-surge-over-72k-but-one-brutal-sell-wall-is-looming/,2026-03-13 12:05:09+00:00
CNA,"Iran war unlikely to have prolonged impact on stock markets, analysts say","Iran war unlikely to have prolonged impact on stock markets, analysts say Staying invested in the stock market is likely the best strategy for investors amid volatility from the war in the Middle East, analysts said. SINGAPORE: Staying invested in the stock market is likely the best strategy for investors amid volatility arising from the war in the Middle East, according to analysts. ""Military conflicts generall…",https://www.channelnewsasia.com/singapore/stock-markets-asia-iran-war-conflict-5991576,2026-03-13 12:25:13+00:00
Hurriyet Daily News,"Oil dips under $100, stocks fall tracking Mideast war developments","Oil dips under $100, stocks fall tracking Mideast war developments Oil dipped under $100 Friday, but remained far above pre-Mideast war levels with no end in sight to disrupted crude supplies. WASHINGTON Oil dipped under $100 Friday, but remained far above pre-Mideast war levels with no end in sight to disrupted crude supplies. With the conflict heading towards its third week, equity mar…",https://www.hurriyetdailynews.com/oil-dips-under-100-stocks-fall-tracking-mideast-war-developments-219940,2026-03-13 12:52:20+00:00
CBS News,Why a mortgage rate lock before the March Fed meeting makes sense,"Why a mortgage rate lock before the March Fed meeting makes sense Does a mortgage interest rate lock before the March Fed meeting make sense for borrowers? It can. Here's why. A mortgage interest rate lock in today's rising rate climate could make sense for borrowers. Pla2na/Getty Images Slowly but gradually, mortgage interest rates look like they're heading up again. Af…",https://www.cbsnews.com/news/why-mortgage-rate-lock-before-march-2026-fed-meeting-makes-sense/,2026-03-13 13:21:10+00:00
CNA,"Stocks dip, dollar strong as Iran conflict keeps oil prices high","Stocks dip, dollar strong as Iran conflict keeps oil prices high BOSTON/LONDON, March 13 : Global stocks fell and oil prices stayed high on Friday as uncertainty over the Iran war continued to disrupt energy supplies, heightening concerns over fuel inflation and interest rates.The price of oil hovered around $100 per barre… BOSTON/LONDON, March 13 : Global stocks fell and oil prices stayed high on Friday as uncertainty over the Iran war continued to disrupt energy supplies, heightening concerns over fuel inflation and i…",https://www.channelnewsasia.com/business/stocks-dip-dollar-strong-iran-conflict-keeps-oil-prices-high-5990711,2026-03-13 13:52:29+00:00
The Times of India,Global Stocks: Echoes of 2022? Markets look back to Russia play book for Middle East conflict,"Global Stocks: Echoes of 2022? Markets look back to Russia play book for Middle East conflict World markets, rocked by a Middle East war that could trigger ​another inflationary shock, are looking back at the play book from Russia's invasion of Ukraine in 2022 for clues on what's next. World markets, rocked by a Middle East war that could trigger another inflationary shock, are looking back at the play book from Russia's invasion of Ukraine in 2022 for clues on what's next. Back th…",https://economictimes.indiatimes.com/markets/us-stocks/news/global-stocks-echoes-of-2022-markets-look-back-to-russia-play-book-for-middle-east-conflict/articleshow/129556247.cms,2026-03-13 14:06:06+00:00
The Times of India,US Stocks: US Fed's preferred inflation gauge edges down,"US Stocks: US Fed's preferred inflation gauge edges down The US Federal Reserve's preferred inflation gauge came in slightly lower than expected in January, registering 2.8 percent growth over a year ago, according to data released Friday ahead of a key central bank rate-setting meeting next week. The US Federal Reserve's preferred inflation gauge came in slightly lower than expected in January, registering 2.8 percent growth over a year ago, according to data released Friday ahead of a key ce…",https://economictimes.indiatimes.com/markets/us-stocks/news/us-stocks-us-feds-preferred-inflation-gauge-edges-down/articleshow/129556577.cms,2026-03-13 14:11:17+00:00
BusinessLine,Oil spike may hurt India less this time: DBS,"Oil spike may hurt India less this time: DBS DBS Bank suggests India is better equipped to handle oil price spikes due to improved buffers and diversified sourcing. India may be better placed to absorb a surge in global crude oil prices than in previous cycles, thanks to stronger macroeconomic buffers and more diversified crude sourcing, according to DBS Bank. …",https://www.thehindubusinessline.com/markets/oil-spike-may-hurt-india-less-this-time-dbs/article70739994.ece,2026-03-13 14:16:35+00:00
CoinDesk,"Bitcoin rises to one-month high of $73,800, continuing to outperform since start of Iran war","Bitcoin rises to one-month high of $73,800, continuing to outperform since start of Iran war Falling oil prices are helping, but a bounce seemed in the cards after some of the worst sentiment in bitcoin's history. Bitcoin BTC $73,738.49 is adding to overnight gains in early U.S. trading on Friday, continuing to show strong relative price action after many months of underperformance to assets like stocks and p…",https://www.coindesk.com/markets/2026/03/13/bitcoin-rises-to-usd73-300-continuing-to-outperform-since-iran-war-and-taking-aim-at-one-month-high,2026-03-13 14:27:11+00:00
The Times of India,"Why US stock market surging today: Dow Jones, S&P 500, Nasdaq rise as Russell 2000 leads - PCE inflation data boosts Fed rate-cut hopes","Why US stock market surging today: Dow Jones, S&P 500, Nasdaq rise as Russell 2000 leads - PCE inflation data boosts Fed rate-cut hopes Why US stock market surging today: The Dow Jones stands at 46,809.47, up 131 points. The S&P 500 reaches 6,681.73. The Nasdaq climbs to 22,324.48. The Russell 2000 jumps 1.16%, leading the rally. Nearly 70% of US stocks are advancing. Fresh PCE inflation data… Why US stock market surging today: The US stock market today is moving higher as investors react to fresh economic data and rising expectations that the Federal Reserve could cut interest rates later…",https://economictimes.indiatimes.com/news/international/us/why-us-stock-market-surging-today-dow-jones-sp-500-nasdaq-rise-as-russell-2000-leads-pce-inflation-data-boosts-fed-rate-cut-hopes/articleshow/129557556.cms,2026-03-13 14:57:59+00:00
Cointelegraph,"Bitcoin price eyes $74K rematch as US PCE inflation boosts crypto, stocks","Bitcoin price eyes $74K rematch as US PCE inflation boosts crypto, stocks Bitcoin bulls squeezed the market toward $74,000 again as promising US inflation data buoyed risk assets, but BTC price forecasts stayed mixed. Bitcoin (BTC) aimed for five-week highs at Thursdays Wall Street open as US inflation trends stayed on track. Key points: <ul><li>US inflation data keeps crypto and stocks higher as BTC price actio…",https://cointelegraph.com/markets/bitcoin-price-eyes-74k-rematch-us-pce-inflation-boosts-crypto-stocks,2026-03-13 14:58:30+00:00
HuffPost,U.S. Stocks Stabilize After Turbulence Brought On By The War With Iran,U.S. Stocks Stabilize After Turbulence Brought On By The War With Iran The major indexes are still on pace for their third straight losing week. U.S. stocks rose early Friday on Wall Street as a spike in crude oil prices caused by the war with Iran eased and traders sized up new data on consumer spending and the economy. The S&amp;P 500 was …,https://www.huffpost.com/entry/financial-markets-iran-turbulence-eased_n_69b42481e4b0676e64bf2ab2,2026-03-13 15:03:03+00:00
CoinDesk,"Circle's USDC volumes top Tether's USDT for first time since 2019, prompting sell-side price target hike","Circle's USDC volumes top Tether's USDT for first time since 2019, prompting sell-side price target hike Japanese investment bank Mizuho remains neutral on Circle, but lifted it price target to $120 from $100. Circles (CRCL) USDC has overtaken Tethers USDT in transaction volumes for the first time since 2019, prompting Japanese investment bank Mizuho to raise its price target for the stablecoin issuer to $…",https://www.coindesk.com/markets/2026/03/13/circle-s-usdc-volumes-top-tether-s-usdt-for-first-time-since-2019-prompting-sell-side-price-target-hike,2026-03-13 15:18:29+00:00
The Times of India,Why S&P 500 and Nasdaq down today while Dow Jones holds steady: US stock market turns cautious as VIX at 26.49 and Russell 2000 slips 0.34%,"Why S&P 500 and Nasdaq down today while Dow Jones holds steady: US stock market turns cautious as VIX at 26.49 and Russell 2000 slips 0.34% Why S&P 500 and Nasdaq down today while Dow Jones holds steady: US stock market today shows mixed moves. The Dow Jones stands near 46,702, slightly higher. The S&P 500 falls to 6,658, down about 14 points. The Nasdaq drops 100 points to 22,211. The VIX volati… Why S&amp;P 500 and Nasdaq down today while Dow Jones holds steady: The US stock market today is showing a mixed picture as investors react to rising geopolitical tensions, volatile oil prices, and h…",https://economictimes.indiatimes.com/news/international/us/why-sp-500-and-nasdaq-down-today-while-dow-jones-holds-steady-us-stock-market-turns-cautious-as-vix-at-26-49-and-russell-2000-slips-0-34/articleshow/129559353.cms,2026-03-13 15:38:21+00:00
Crypto Briefing,Bitcoin holds steady as inflation stays sticky and growth slows,"Bitcoin holds steady as inflation stays sticky and growth slows Bitcoin's resilience amid economic uncertainty suggests a potential shift in its role as a hedge, but market sentiment remains cautious. The post Bitcoin holds steady as inflation stays sticky and growth slows appeared first on Crypto Briefing. The economy is flashing warning signs everywhere, but crypto markets shrugged and kept walking. Here’s a fun paradox: the US economy just delivered a one-two punch of stubborn inflation and weakening…",https://cryptobriefing.com/bitcoin-holds-steady-inflation-sticky-growth-slows/,2026-03-13 15:40:05+00:00
Yahoo Entertainment,Nasdaq dips into the red as investors digest slower GDP and steady inflation,"Nasdaq dips into the red as investors digest slower GDP and steady inflation If you click 'Accept all', we and our partners, including 245 who are part of the IAB Transparency &amp; Consent Framework, will also store and / or access information on a device (in other words, us…",https://consent.yahoo.com/v2/collectConsent?sessionId=1_cc-session_1cc269fd-7847-483d-92a0-ded39e2c9882,2026-03-13 15:54:00+00:00
The Times of India,US Stocks: US consumer staple stocks lose sheen as lofty valuations meet gloomy earnings outlook,"US Stocks: US consumer staple stocks lose sheen as lofty valuations meet gloomy earnings outlook After a strong rally ​this year, U.S. consumer staples stocks are falling out ​of favor, with investors starting to question the high valuation as earnings prospects dim, analysts said. After a strong rally this year, U.S. consumer staples stocks are falling out of favor, with investors starting to question the high valuation as earnings prospects dim, analysts said.Staples, widely …",https://economictimes.indiatimes.com/markets/us-stocks/news/us-stocks-us-consumer-staple-stocks-lose-sheen-as-lofty-valuations-meet-gloomy-earnings-outlook/articleshow/129559744.cms,2026-03-13 15:58:36+00:00
The Times of India,"US stocks today: S&P 500, Nasdaq slip as investors assess data, Iran war fallout","US stocks today: S&P 500, Nasdaq slip as investors assess data, Iran war fallout US stocks experienced a downturn on Friday, with major indices set to end the week lower amid mixed economic data and escalating Middle East conflict. Investors are now anticipating fewer Federal Reserve rate cuts this year, as rising energy costs and slowing… The benchmark S&amp;P 500 fell in choppy trading on Friday and was on track to end the week lower, along with the Nasdaq and the Dow, as investors weighed a mixed run of economic data against a widen…",https://economictimes.indiatimes.com/markets/us-stocks/news/us-stocks-today-sp-500-nasdaq-slip-as-investors-assess-data-iran-war-fallout/articleshow/129560549.cms,2026-03-13 16:33:49+00:00
Yahoo Entertainment,Mizuho Raises HA Sustainable Infrastructure Capital (HASI) Price Target to $41,"Mizuho Raises HA Sustainable Infrastructure Capital (HASI) Price Target to $41 HA Sustainable Infrastructure Capital, Inc. (NYSE:HASI) is one of the 10 Best Asset Management Stocks to Buy Right Now. On March 4, 2026, Mizuho raised its... HA Sustainable Infrastructure Capital, Inc. (NYSE:HASI) is one of the 10 Best Asset Management Stocks to Buy Right Now. Mizuho Raises HA Sustainable Infrastructure Capital (HASI) Price Target to $41…",https://finance.yahoo.com/news/mizuho-raises-sustainable-infrastructure-capital-172334987.html,2026-03-13 17:23:34+00:00
Newser,Stock Losses Mount as Oil Resumes Climb,"Stock Losses Mount as Oil Resumes Climb Wall Street's losses deepened Friday as the ongoing fallout from the war in Iran keeps pushing oil prices higher, ratcheting up inflationary pressure on the global economy. The indexes closed with their third straight weekly loss. The Dow lost 119.38 points t… After briefly easing early Friday, crude oil prices rose again, bringing the benchmark oil price back above $100 a barrel, the AP reports. Brent crude, the international standard, closed 2.7% higher …",https://www.newser.com/story/385395/stock-losses-mount-as-oil-resumes-climb.html,2026-03-13 20:45:58+00:00
The Times of India,"Why are US stock market indexes down today, and will S&P 500, Dow Jones and Nasdaq stay in red or turn green again? Wall Street crash, biggest losers, gainers, analysts insights, market outlook","Why are US stock market indexes down today, and will S&P 500, Dow Jones and Nasdaq stay in red or turn green again? Wall Street crash, biggest losers, gainers, analysts insights, market outlook Why are US stock market indexes down today, and will S&P 500, Dow Jones and Nasdaq stay in red or turn green again? Wall Street closed lower as oil prices rose during the Iran war. Inflation concerns, weak economic data, and technology stock declines pushed m… Why are US stock market indexes down today, and will S&amp;P 500, Dow Jones and Nasdaq stay in red or turn green again? Investors are asking this question after Wall Street closed lower and recorded …",https://economictimes.indiatimes.com/news/international/us/why-are-us-stock-market-indexes-down-today-and-will-sp-500-dow-jones-and-nasdaq-stay-in-red-or-turn-green-again-wall-street-crash-biggest-losers-gainers-analysts-insights-market-outlook-oil-prices-global-energy-supply/articleshow/129564587.cms,2026-03-13 21:43:52+00:00
CNA,"Wall Street closes lower, posts weekly loss as war on Iran fuels inflation worries","Wall Street closes lower, posts weekly loss as war on Iran fuels inflation worries “It’s very much an emotional market,” said strategist Paul Nolte. Trump's comments prompted Iran to tighten its grip on the Strait of Hormuz, conduit for one-fifth of the world's oil. On Thursday, the International Energy Agency said the war will cause the largest-…",https://www.channelnewsasia.com/world/wall-street-us-stocks-iran-israel-war-oil-energy-prices-5992901,2026-03-13 21:48:00+00:00
